t,x(t),v(t),F(t) (added)
0.02,0.58,0,-58
0.04,0.579768,-0.0116,-57.9768
0.06,0.5793041,-0.02319536,-57.93041
0.08,0.5786085,-0.03478144,-57.86084
0.09999999,0.5776814,-0.04635361,-57.76814
0.12,0.5765232,-0.05790723,-57.65232
0.14,0.5751345,-0.0694377,-57.51345
0.16,0.5735157,-0.08094039,-57.35157
0.18,0.5716675,-0.0924107,-57.16675
0.2,0.5695906,-0.103844,-56.95906
0.22,0.5672859,-0.1152359,-56.72859
0.24,0.5647542,-0.1265816,-56.47543
0.26,0.5619967,-0.1378767,-56.19967
0.28,0.5590144,-0.1491166,-55.90144
0.3,0.5558084,-0.1602969,-55.58084
0.32,0.5523801,-0.171413,-55.23801
0.34,0.5487309,-0.1824606,-54.87309
0.36,0.5448622,-0.1934353,-54.48622
0.38,0.5407755,-0.2043325,-54.07755
0.4,0.5364726,-0.215148,-53.64725
0.42,0.531955,-0.2258775,-53.1955
0.4400001,0.5272247,-0.2365166,-52.72247
0.4600001,0.5222834,-0.2470611,-52.22834
0.4800001,0.5171333,-0.2575067,-51.71333
0.5000001,0.5117763,-0.2678494,-51.17763
0.52,0.5062146,-0.2780849,-50.62146
0.54,0.5004504,-0.2882092,-50.04504
0.56,0.4944861,-0.2982182,-49.4486
0.58,0.4883239,-0.3081079,-48.83239
0.6,0.4819664,-0.3178744,-48.19664
0.6199999,0.4754161,-0.3275138,-47.54161
0.6399999,0.4686757,-0.3370221,-46.86757
0.6599999,0.4617478,-0.3463956,-46.17478
0.6799999,0.4546351,-0.3556305,-45.46352
0.6999999,0.4473407,-0.3647232,-44.73407
0.7199998,0.4398673,-0.37367,-43.98672
0.7399998,0.4322179,-0.3824674,-43.22179
0.7599998,0.4243957,-0.3911117,-42.43956
0.7799998,0.4164037,-0.3995996,-41.64037
0.7999998,0.4082451,-0.4079277,-40.82451
0.8199998,0.3999232,-0.4160926,-39.99232
0.8399997,0.3914414,-0.4240911,-39.14414
0.8599997,0.382803,-0.4319199,-38.2803
0.8799997,0.3740115,-0.439576,-37.40115
0.8999997,0.3650704,-0.4470562,-36.50704
0.9199997,0.3559832,-0.4543577,-35.59832
0.9399996,0.3467537,-0.4614773,-34.67537
0.9599996,0.3373854,-0.4684124,-33.73854
0.9799996,0.3278822,-0.4751601,-32.78822
0.9999996,0.3182479,-0.4817177,-31.82479
1.02,0.3084862,-0.4880827,-30.84862
1.04,0.2986012,-0.4942524,-29.86012
1.06,0.2885967,-0.5002245,-28.85967
1.08,0.2784768,-0.5059964,-27.84768
1.1,0.2682455,-0.5115659,-26.82455
1.12,0.2579069,-0.5169308,-25.79069
1.14,0.2474651,-0.5220889,-24.74651
1.159999,0.2369243,-0.5270382,-23.69243
1.179999,0.2262888,-0.5317767,-22.62888
1.199999,0.2155627,-0.5363025,-21.55627
1.219999,0.2047504,-0.5406138,-20.47504
1.239999,0.1938563,-0.5447088,-19.38563
1.259999,0.1828845,-0.5485859,-18.28845
1.279999,0.1718397,-0.5522436,-17.18397
1.299999,0.1607261,-0.5556804,-16.07261
1.319999,0.1495482,-0.5588949,-14.95482
1.339999,0.1383104,-0.5618859,-13.83105
1.359999,0.1270174,-0.5646521,-12.70174
1.379999,0.1156736,-0.5671924,-11.56736
1.399999,0.1042834,-0.5695059,-10.42834
1.419999,0.09285161,-0.5715916,-9.285161
1.439999,0.08138263,-0.5734487,-8.138264
1.459999,0.0698811,-0.5750763,-6.988111
1.479999,0.05835163,-0.5764739,-5.835163
1.499999,0.04679881,-0.577641,-4.679881
1.519999,0.03522727,-0.5785769,-3.522727
1.539999,0.02364164,-0.5792814,-2.364164
1.559999,0.01204656,-0.5797543,-1.204656
1.579999,0.0004466549,-0.5799952,-0.04466549
1.599999,-0.01115343,-0.5800042,1.115343
1.619999,-0.02274905,-0.5797811,2.274905
1.639999,-0.03433557,-0.5793262,3.433557
1.659999,-0.04590836,-0.5786394,4.590836
1.679999,-0.05746279,-0.5777213,5.746279
1.699999,-0.06899423,-0.5765721,6.899423
1.719999,-0.08049808,-0.5751922,8.049808
1.739999,-0.09196972,-0.5735822,9.196972
1.759999,-0.1034046,-0.5717428,10.34046
1.779999,-0.1147981,-0.5696747,11.47981
1.799999,-0.1261456,-0.5673787,12.61456
1.819999,-0.1374428,-0.5648558,13.74428
1.839999,-0.1486849,-0.562107,14.86849
1.859999,-0.1598676,-0.5591333,15.98676
1.879999,-0.1709863,-0.5559359,17.09863
1.899999,-0.1820366,-0.5525162,18.20366
1.919999,-0.1930141,-0.5488755,19.30141
1.939999,-0.2039144,-0.5450152,20.39144
1.959999,-0.2147332,-0.5409369,21.47332
1.979999,-0.225466,-0.5366423,22.5466
1.999999,-0.2361087,-0.532133,23.61087
2.019999,-0.2466569,-0.5274108,24.66569
2.039999,-0.2571065,-0.5224777,25.71065
2.059999,-0.2674532,-0.5173355,26.74532
2.079999,-0.2776929,-0.5119865,27.76929
2.099999,-0.2878215,-0.5064327,28.78215
2.119999,-0.2978351,-0.5006762,29.7835
2.139999,-0.3077295,-0.4947195,30.77295
2.159999,-0.3175007,-0.4885649,31.75007
2.179999,-0.327145,-0.4822149,32.7145
2.199999,-0.3366585,-0.475672,33.66585
2.219999,-0.3460373,-0.4689388,34.60373
2.239999,-0.3552776,-0.4620181,35.52776
2.259999,-0.3643759,-0.4549125,36.43759
2.279999,-0.3733284,-0.447625,37.33284
2.299999,-0.3821315,-0.4401584,38.21315
2.319999,-0.3907818,-0.4325158,39.07819
2.339998,-0.3992758,-0.4247002,39.92759
2.359998,-0.4076101,-0.4167147,40.76101
2.379998,-0.4157814,-0.4085625,41.57814
2.399998,-0.4237863,-0.4002469,42.37863
2.419998,-0.4316217,-0.3917711,43.16217
2.439998,-0.4392845,-0.3831387,43.92845
2.459998,-0.4467716,-0.374353,44.67715
2.479998,-0.4540799,-0.3654176,45.40799
2.499998,-0.4612066,-0.356336,46.12066
2.519998,-0.4681489,-0.3471119,46.81489
2.539998,-0.4749039,-0.3377489,47.49039
2.559998,-0.4814689,-0.3282508,48.14688
2.579998,-0.4878413,-0.3186215,48.78413
2.599998,-0.4940186,-0.3088646,49.40186
2.619998,-0.4999983,-0.2989843,49.99983
2.639998,-0.505778,-0.2889843,50.5778
2.659998,-0.5113553,-0.2788687,51.13553
2.679998,-0.5167282,-0.2686416,51.67282
2.699998,-0.5218943,-0.2583071,52.18943
2.719998,-0.5268517,-0.2478692,52.68517
2.739998,-0.5315983,-0.2373322,53.15983
2.759998,-0.5361323,-0.2267002,53.61323
2.779998,-0.5404518,-0.2159775,54.04518
2.799998,-0.5445552,-0.2051685,54.45552
2.819998,-0.5484408,-0.1942774,54.84407
2.839998,-0.5521069,-0.1833086,55.21069
2.859998,-0.5555522,-0.1722664,55.55523
2.879998,-0.5587754,-0.1611554,55.87754
2.899998,-0.561775,-0.1499799,56.1775
2.919998,-0.5645499,-0.1387444,56.45499
2.939998,-0.5670989,-0.1274534,56.70989
2.959998,-0.5694212,-0.1161114,56.94212
2.979998,-0.5715156,-0.104723,57.15156
2.999998,-0.5733815,-0.09329267,57.33815
3.019998,-0.575018,-0.08182504,57.5018
3.039998,-0.5764245,-0.07032468,57.64245
3.059998,-0.5776004,-0.05879619,57.76004
3.079998,-0.5785453,-0.04724418,57.85453
3.099998,-0.5792588,-0.03567328,57.92588
3.119998,-0.5797406,-0.0240881,57.97406
3.139998,-0.5799904,-0.01249329,57.99905
3.159998,-0.5800083,-0.0008934795,58.00083
3.179998,-0.5797942,0.01070669,57.97942
3.199998,-0.5793481,0.02230257,57.93481
3.219998,-0.5786703,0.03388953,57.86703
3.239998,-0.5777611,0.04546294,57.7761
3.259998,-0.5766207,0.05701816,57.66207
3.279998,-0.5752497,0.06855057,57.52497
3.299998,-0.5736486,0.08005556,57.36486
3.319998,-0.571818,0.09152853,57.1818
3.339998,-0.5697587,0.1029649,56.97587
3.359998,-0.5674715,0.1143601,56.74715
3.379997,-0.5649573,0.1257095,56.49573
3.399997,-0.5622172,0.1370086,56.22172
3.419997,-0.5592521,0.148253,55.92521
3.439997,-0.5560634,0.159438,55.60633
3.459997,-0.5526522,0.1705593,55.26522
3.479997,-0.5490199,0.1816123,54.90199
3.499997,-0.5451681,0.1925927,54.51681
3.519997,-0.5410982,0.2034961,54.10982
3.539997,-0.5368118,0.2143181,53.68118
3.559997,-0.5323107,0.2250543,53.23107
3.579997,-0.5275967,0.2357005,52.75967
3.599997,-0.5226716,0.2462524,52.26716
3.619997,-0.5175375,0.2567059,51.75375
3.639997,-0.5121964,0.2670566,51.21964
3.659997,-0.5066504,0.2773006,50.66504
3.679997,-0.5009017,0.2874336,50.09017
3.699997,-0.4949527,0.2974516,49.49527
3.719997,-0.4888057,0.3073506,48.88057
3.739997,-0.4824631,0.3171268,48.24631
3.759997,-0.4759276,0.326776,47.59276
3.779997,-0.4692017,0.3362946,46.92017
3.799997,-0.4622881,0.3456786,46.22881
3.819997,-0.4551896,0.3549244,45.51896
3.839997,-0.4479091,0.3640282,44.79091
3.859997,-0.4404494,0.3729864,44.04494
3.879997,-0.4328134,0.3817954,43.28135
3.899997,-0.4250044,0.3904516,42.50044
3.919997,-0.4170254,0.3989517,41.70254
3.939997,-0.4088795,0.4072922,40.88795
3.959997,-0.4005701,0.4154698,40.05701
3.979997,-0.3921005,0.4234812,39.21005
3.999997,-0.3834741,0.4313232,38.3474
4.019997,-0.3746942,0.4389927,37.46942
4.039997,-0.3657645,0.4464866,36.57645
4.059997,-0.3566884,0.4538019,35.66884
4.079997,-0.3474697,0.4609357,34.74697
4.099997,-0.338112,0.467885,33.8112
4.119997,-0.3286191,0.4746473,32.86191
4.139997,-0.3189947,0.4812197,31.89947
4.159997,-0.3092427,0.4875996,30.92427
4.179997,-0.299367,0.4937844,29.9367
4.199997,-0.2893716,0.4997718,28.93716
4.219997,-0.2792604,0.5055592,27.92604
4.239997,-0.2690375,0.5111444,26.90375
4.259997,-0.258707,0.5165251,25.8707
4.279997,-0.248273,0.5216993,24.8273
4.299997,-0.2377397,0.5266648,23.77397
4.319997,-0.2271114,0.5314196,22.71114
4.339997,-0.2163921,0.5359618,21.63921
4.359997,-0.2055863,0.5402896,20.55863
4.379997,-0.1946983,0.5444013,19.46983
4.399997,-0.1837324,0.5482953,18.37324
4.419997,-0.172693,0.5519699,17.2693
4.439997,-0.1615845,0.5554238,16.15845
4.459997,-0.1504114,0.5586555,15.04114
4.479997,-0.1391781,0.5616637,13.91781
4.499997,-0.1278892,0.5644473,12.78892
4.519997,-0.1165491,0.567005,11.65491
4.539997,-0.1051624,0.569336,10.51624
4.559997,-0.09373358,0.5714393,9.373358
4.579997,-0.0822673,0.573314,8.22673
4.599997,-0.07076812,0.5749593,7.076812
4.619997,-0.05924062,0.5763747,5.924062
4.639997,-0.04768943,0.5775595,4.768943
4.659997,-0.03611917,0.5785133,3.611917
4.679996,-0.02453446,0.5792357,2.453446
4.699996,-0.01293993,0.5797263,1.293993
4.719996,-0.001340227,0.5799851,0.1340227
4.739996,0.01026001,0.580012,-1.026001
4.759996,0.02185615,0.5798067,-2.185615
4.779996,0.03344354,0.5793696,-3.344354
4.799996,0.04501756,0.5787007,-4.501756
4.819996,0.05657356,0.5778004,-5.657356
4.839996,0.06810694,0.5766689,-6.810694
4.859996,0.07961307,0.5753068,-7.961308
4.879996,0.09108736,0.5737145,-9.108736
4.899996,0.1025252,0.5718927,-10.25252
4.919996,0.1139221,0.5698422,-11.39221
4.939996,0.1252733,0.5675638,-12.52733
4.959996,0.1365745,0.5650583,-13.65745
4.979996,0.147821,0.5623268,-14.7821
4.999996,0.1590084,0.5593703,-15.90084
5.019996,0.1701322,0.5561902,-17.01322
5.039996,0.181188,0.5527875,-18.1188
5.059996,0.1921713,0.5491638,-19.21713
5.079996,0.2030777,0.5453203,-20.30777
5.099996,0.2139028,0.5412588,-21.39029
5.119996,0.2246425,0.5369807,-22.46424
5.139996,0.2352922,0.5324879,-23.52922
5.159996,0.2458479,0.527782,-24.58479
5.179996,0.2563052,0.5228651,-25.63052
5.199996,0.2666599,0.5177389,-26.66599
5.219996,0.2769081,0.5124058,-27.69081
5.239996,0.2870454,0.5068676,-28.70454
5.259996,0.2970679,0.5011267,-29.70679
5.279996,0.3069716,0.4951853,-30.69716
5.299996,0.3167526,0.4890459,-31.67525
5.319996,0.3264068,0.4827109,-32.64068
5.339996,0.3359304,0.4761827,-33.59304
5.359996,0.3453197,0.4694641,-34.53197
5.379996,0.3545709,0.4625577,-35.45708
5.399996,0.3636802,0.4554663,-36.36802
5.419996,0.372644,0.4481927,-37.2644
5.439996,0.3814588,0.4407398,-38.14588
5.459996,0.390121,0.4331107,-39.0121
5.479996,0.3986272,0.4253082,-39.86272
5.499996,0.4069739,0.4173357,-40.69739
5.519996,0.4151579,0.4091962,-41.51579
5.539996,0.4231757,0.400893,-42.31757
5.559996,0.4310243,0.3924295,-43.10243
5.579996,0.4387005,0.383809,-43.87005
5.599996,0.4462012,0.375035,-44.62012
5.619996,0.4535234,0.366111,-45.35234
5.639996,0.4606642,0.3570405,-46.06643
5.659996,0.4676208,0.3478272,-46.76208
5.679996,0.4743903,0.3384748,-47.43903
5.699996,0.48097,0.328987,-48.097
5.719995,0.4873574,0.3193676,-48.73574
5.739995,0.4935498,0.3096204,-49.35498
5.759995,0.4995448,0.2997494,-49.95448
5.779995,0.5053399,0.2897585,-50.53399
5.799995,0.510933,0.2796517,-51.0933
5.819995,0.5163217,0.2694331,-51.63216
5.839995,0.5215038,0.2591066,-52.15038
5.859995,0.5264773,0.2486766,-52.64774
5.879995,0.5312403,0.238147,-53.12403
5.899995,0.5357907,0.2275222,-53.57907
5.919995,0.5401269,0.2168064,-54.01269
5.939995,0.5442469,0.2060038,-54.42469
5.959995,0.5481493,0.1951189,-54.81493
5.979995,0.5518324,0.1841559,-55.18324
5.999995,0.5552948,0.1731193,-55.52948
6.019995,0.558535,0.1620134,-55.8535
6.039995,0.5615519,0.1508427,-56.15519
6.059995,0.5643441,0.1396116,-56.43441
6.079995,0.5669106,0.1283247,-56.69106
6.099995,0.5692503,0.1169865,-56.92503
6.119995,0.5713624,0.1056015,-57.13624
6.139995,0.5732459,0.09417428,-57.32459
6.159995,0.5749001,0.08270936,-57.49001
6.179995,0.5763243,0.07121136,-57.63243
6.199995,0.577518,0.05968487,-57.7518
6.219995,0.5784807,0.04813451,-57.84807
6.239995,0.579212,0.0365649,-57.9212
6.259995,0.5797116,0.02498065,-57.97116
6.279995,0.5799794,0.01338642,-57.99794
6.299995,0.5800151,0.001786833,-58.00151
6.319995,0.5798188,-0.00981347,-57.98188
6.339995,0.5793906,-0.02140985,-57.93906
6.359995,0.5787307,-0.03299766,-57.87307
6.379995,0.5778393,-0.04457228,-57.78392
6.399995,0.5767167,-0.05612906,-57.67167
6.419995,0.5753634,-0.06766339,-57.53634
6.439995,0.57378,-0.07917066,-57.378
6.459995,0.5719671,-0.09064626,-57.1967
6.479995,0.5699254,-0.1020856,-56.99254
6.499995,0.5676557,-0.1134841,-56.76557
6.519995,0.565159,-0.1248372,-56.5159
6.539995,0.5624362,-0.1361404,-56.24362
6.559995,0.5594884,-0.1473891,-55.94884
6.579995,0.5563168,-0.1585789,-55.63168
6.599995,0.5529227,-0.1697052,-55.29227
6.619995,0.5493074,-0.1807637,-54.93074
6.639995,0.5454724,-0.1917498,-54.54724
6.659995,0.5414192,-0.2026593,-54.14192
6.679995,0.5371494,-0.2134877,-53.71494
6.699995,0.5326648,-0.2242307,-53.26648
6.719995,0.5279672,-0.234884,-52.79671
6.739995,0.5230583,-0.2454433,-52.30583
6.759995,0.5179402,-0.2559045,-51.79402
6.779994,0.512615,-0.2662633,-51.2615
6.799994,0.5070847,-0.2765156,-50.70847
6.819994,0.5013515,-0.2866573,-50.13515
6.839994,0.4954179,-0.2966843,-49.54179
6.859994,0.489286,-0.3065926,-48.9286
6.879994,0.4829584,-0.3163784,-48.29585
6.899994,0.4764377,-0.3260375,-47.64377
6.919994,0.4697264,-0.3355663,-46.97264
6.939994,0.4628271,-0.3449608,-46.28271
6.959994,0.4557428,-0.3542174,-45.57428
6.979994,0.4484762,-0.3633322,-44.84762
6.999994,0.4410301,-0.3723017,-44.10302
7.019994,0.4334077,-0.3811223,-43.34077
7.039994,0.4256119,-0.3897905,-42.56119
7.059994,0.4176458,-0.3983027,-41.76458
7.079994,0.4095127,-0.4066556,-40.95127
7.099994,0.4012158,-0.4148459,-40.12158
7.119994,0.3927584,-0.4228702,-39.27584
7.139994,0.3841439,-0.4307253,-38.41439
7.159994,0.3753757,-0.4384082,-37.53757
7.179994,0.3664574,-0.4459157,-36.64574
7.199994,0.3573925,-0.4532449,-35.73925
7.219994,0.3481847,-0.4603927,-34.81847
7.239994,0.3388376,-0.4673564,-33.88375
7.259994,0.3293549,-0.4741332,-32.93549
7.279994,0.3197405,-0.4807203,-31.97405
7.299994,0.3099982,-0.4871151,-30.99982
7.319994,0.3001319,-0.493315,-30.01319
7.339994,0.2901456,-0.4993176,-29.01456
7.359994,0.2800432,-0.5051206,-28.00432
7.379994,0.2698287,-0.5107214,-26.98287
7.399994,0.2595064,-0.516118,-25.95064
7.419994,0.2490802,-0.5213082,-24.90802
7.439994,0.2385544,-0.5262898,-23.85544
7.459994,0.2279332,-0.5310609,-22.79332
7.479994,0.2172208,-0.5356196,-21.72208
7.499994,0.2064215,-0.539964,-20.64215
7.519994,0.1955397,-0.5440924,-19.55397
7.539994,0.1845796,-0.5480032,-18.45796
7.559994,0.1735457,-0.5516948,-17.35457
7.579994,0.1624424,-0.5551657,-16.24424
7.599994,0.1512741,-0.5584146,-15.12741
7.619994,0.1400453,-0.5614401,-14.00453
7.639994,0.1287605,-0.5642409,-12.87605
7.659994,0.1174242,-0.5668162,-11.74242
7.679994,0.1060409,-0.5691646,-10.60409
7.699994,0.0946152,-0.5712854,-9.46152
7.719994,0.08315165,-0.5731778,-8.315165
7.739994,0.07165483,-0.5748408,-7.165483
7.759994,0.06012935,-0.5762739,-6.012935
7.779994,0.04857982,-0.5774764,-4.857982
7.799994,0.03701086,-0.5784481,-3.701086
7.819993,0.0254271,-0.5791883,-2.54271
7.839993,0.01383316,-0.5796968,-1.383316
7.859993,0.00223369,-0.5799735,-0.223369
7.879993,-0.009366674,-0.5800182,0.9366674
7.899993,-0.02096329,-0.5798309,2.096329
7.919993,-0.03255153,-0.5794116,3.255153
7.939993,-0.04412674,-0.5787606,4.412674
7.959993,-0.0556843,-0.5778781,5.56843
7.979993,-0.06721959,-0.5767644,6.721959
7.999993,-0.07872798,-0.57542,7.872798
8.019994,-0.09020489,-0.5738454,9.02049
8.039994,-0.1016457,-0.5720413,10.16457
8.059995,-0.1130459,-0.5700084,11.30459
8.079995,-0.1244008,-0.5677475,12.44008
8.099996,-0.135706,-0.5652595,13.5706
8.119996,-0.1469569,-0.5625454,14.69569
8.139997,-0.1581491,-0.5596062,15.81491
8.159997,-0.1692779,-0.5564432,16.92779
8.179997,-0.1803391,-0.5530577,18.03391
8.199998,-0.1913281,-0.5494509,19.13281
8.219998,-0.2022406,-0.5456243,20.22406
8.239999,-0.2130722,-0.5415795,21.30722
8.259999,-0.2238185,-0.5373181,22.38185
8.28,-0.2344754,-0.5328417,23.44754
8.3,-0.2450384,-0.5281522,24.50384
8.320001,-0.2555034,-0.5232514,25.55034
8.340001,-0.2658663,-0.5181413,26.58663
8.360002,-0.2761227,-0.512824,27.61227
8.380002,-0.2862688,-0.5073016,28.62688
8.400002,-0.2963003,-0.5015762,29.63003
8.420003,-0.3062133,-0.4956502,30.62133
8.440003,-0.3160038,-0.4895259,31.60038
8.460004,-0.3256679,-0.4832058,32.56679
8.480004,-0.3352018,-0.4766925,33.52018
8.500005,-0.3446015,-0.4699884,34.46016
8.520005,-0.3538635,-0.4630964,35.38635
8.540006,-0.3629839,-0.4560191,36.29839
8.560006,-0.371959,-0.4487595,37.1959
8.580007,-0.3807854,-0.4413203,38.07854
8.600007,-0.3894595,-0.4337046,38.94595
8.620008,-0.3979778,-0.4259154,39.79778
8.640008,-0.4063369,-0.4179558,40.63369
8.660008,-0.4145335,-0.4098291,41.45335
8.680009,-0.4225643,-0.4015384,42.25643
8.700009,-0.430426,-0.3930871,43.0426
8.72001,-0.4381156,-0.3844786,43.81156
8.74001,-0.4456299,-0.3757163,44.56299
8.760011,-0.452966,-0.3668037,45.2966
8.780011,-0.4601209,-0.3577444,46.01209
8.800012,-0.4670917,-0.348542,46.70918
8.820012,-0.4738757,-0.3392002,47.38757
8.840013,-0.4804702,-0.3297226,48.04702
8.860013,-0.4868724,-0.3201132,48.68724
8.880013,-0.49308,-0.3103758,49.30799
8.900014,-0.4990903,-0.3005142,49.90903
8.920014,-0.5049009,-0.2905324,50.49009
8.940015,-0.5105096,-0.2804344,51.05096
8.960015,-0.515914,-0.2702242,51.5914
8.980016,-0.5211121,-0.2599059,52.11121
9.000016,-0.5261018,-0.2494837,52.61018
9.020017,-0.530881,-0.2389616,53.0881
9.040017,-0.535448,-0.228344,53.5448
9.060018,-0.5398006,-0.2176351,53.98006
9.080018,-0.5439374,-0.206839,54.39375
9.100019,-0.5478566,-0.1959603,54.78566
9.120019,-0.5515567,-0.1850032,55.15567
9.140019,-0.5550361,-0.173972,55.50361
9.16002,-0.5582936,-0.1628713,55.82936
9.18002,-0.5613277,-0.1517054,56.13277
9.200021,-0.5641373,-0.1404789,56.41373
9.220021,-0.5667212,-0.1291961,56.67212
9.240022,-0.5690784,-0.1178617,56.90784
9.260022,-0.5712081,-0.1064801,57.12081
9.280023,-0.5731091,-0.09505598,57.31091
9.300023,-0.574781,-0.0835938,57.4781
9.320024,-0.576223,-0.07209818,57.6223
9.340024,-0.5774344,-0.06057372,57.74344
9.360024,-0.5784149,-0.04902504,57.84149
9.380025,-0.579164,-0.03745674,57.9164
9.400025,-0.5796815,-0.02587346,57.96815
9.420026,-0.5799671,-0.01427983,57.99672
9.440026,-0.5800207,-0.002680488,58.00207
9.460027,-0.5798423,0.008919926,57.98423
9.480027,-0.579432,0.02051677,57.9432
9.500028,-0.5787899,0.03210541,57.87899
9.520028,-0.5779163,0.0436812,57.79163
9.540029,-0.5768115,0.05523953,57.68115
9.560029,-0.575476,0.06677575,57.5476
9.580029,-0.5739103,0.07828528,57.39103
9.60003,-0.572115,0.08976348,57.2115
9.62003,-0.5700909,0.1012058,57.00909
9.640031,-0.5678387,0.1126076,56.78387
9.660031,-0.5653594,0.1239644,56.53594
9.680032,-0.562654,0.1352716,56.2654
9.700032,-0.5597234,0.1465246,55.97234
9.720033,-0.556569,0.1577191,55.6569
9.740033,-0.553192,0.1688505,55.3192
9.760034,-0.5495937,0.1799143,54.95937
9.780034,-0.5457757,0.1909062,54.57756
9.800035,-0.5417392,0.2018217,54.17392
9.820035,-0.5374861,0.2126565,53.74861
9.840035,-0.5330179,0.2234062,53.30179
9.860036,-0.5283366,0.2340666,52.83366
9.880036,-0.5234439,0.2446333,52.34439
9.900037,-0.5183419,0.2551022,51.83419
9.920037,-0.5130325,0.265469,51.30325
9.940038,-0.5075179,0.2757297,50.75179
9.960038,-0.5018003,0.28588,50.18003
9.980039,-0.495882,0.295916,49.5882
10.00004,-0.4897653,0.3058336,48.97653
10.02004,-0.4834527,0.3156289,48.34527
10.04004,-0.4769468,0.325298,47.69468
10.06004,-0.47025,0.334837,47.02501
10.08004,-0.4633652,0.3442419,46.33652
10.10004,-0.456295,0.3535092,45.6295
10.12004,-0.4490423,0.3626351,44.90423
10.14004,-0.44161,0.371616,44.161
10.16004,-0.4340011,0.3804482,43.4001
10.18004,-0.4262185,0.3891282,42.62185
10.20004,-0.4182655,0.3976525,41.82655
10.22004,-0.4101451,0.4060178,41.01451
10.24004,-0.4018607,0.4142208,40.18607
10.26005,-0.3934155,0.422258,39.34155
10.28005,-0.384813,0.4301263,38.4813
10.30005,-0.3760565,0.4378226,37.60565
10.32005,-0.3671497,0.4453437,36.71497
10.34005,-0.3580959,0.4526867,35.80959
10.36005,-0.3488989,0.4598486,34.8899
10.38005,-0.3395624,0.4668266,33.95624
10.40005,-0.33009,0.4736178,33.009
10.42005,-0.3204857,0.4802196,32.04856
10.44005,-0.3107531,0.4866293,31.07531
10.46005,-0.3008962,0.4928444,30.08962
10.48005,-0.2909189,0.4988623,29.09189
10.50005,-0.2808253,0.5046807,28.08253
10.52005,-0.2706194,0.5102972,27.06194
10.54005,-0.2603052,0.5157096,26.03052
10.56005,-0.2498869,0.5209157,24.98869
10.58005,-0.2393686,0.5259134,23.93686
10.60005,-0.2287546,0.5307008,22.87546
10.62005,-0.2180491,0.5352759,21.80491
10.64005,-0.2072563,0.5396369,20.72564
10.66005,-0.1963807,0.543782,19.63807
10.68005,-0.1854265,0.5477096,18.54265
10.70006,-0.1743982,0.5514181,17.43982
10.72006,-0.1633,0.5549061,16.33
10.74006,-0.1521366,0.558172,15.21366
10.76006,-0.1409123,0.5612148,14.09123
10.78006,-0.1296316,0.564033,12.96316
10.80006,-0.1182991,0.5666257,11.82991
10.82006,-0.1069193,0.5689917,10.69193
10.84006,-0.0954967,0.57113,9.54967
10.86006,-0.0840359,0.5730399,8.40359
10.88006,-0.07254149,0.5747207,7.254149
10.90006,-0.06101806,0.5761715,6.101806
10.92006,-0.04947022,0.5773919,4.947022
10.94006,-0.0379026,0.5783812,3.79026
10.96006,-0.02631982,0.5791393,2.631982
10.98006,-0.0147265,0.5796657,1.47265
11.00006,-0.003127301,0.5799602,0.3127301
11.02006,0.008473152,0.5800227,-0.8473153
11.04006,0.02007022,0.5798532,-2.007022
11.06006,0.03165925,0.5794519,-3.165925
11.08006,0.04323563,0.5788187,-4.323563
11.10006,0.05479471,0.577954,-5.479471
11.12006,0.06633187,0.5768581,-6.633187
11.14007,0.0778425,0.5755315,-7.78425
11.16007,0.08932199,0.5739746,-8.932199
11.18007,0.1007658,0.5721882,-10.07658
11.20007,0.1121692,0.5701729,-11.21692
11.22007,0.1235278,0.5679295,-12.35278
11.24007,0.134837,0.565459,-13.4837
11.26007,0.1460922,0.5627622,-14.60922
11.28007,0.157289,0.5598404,-15.7289
11.30007,0.1684229,0.5566946,-16.84229
11.32007,0.1794895,0.5533262,-17.94895
11.34007,0.1904842,0.5497364,-19.04842
11.36007,0.2014027,0.5459267,-20.14027
11.38007,0.2122407,0.5418986,-21.22407
11.40007,0.2229938,0.5376538,-22.29938
11.42007,0.2336577,0.5331939,-23.36577
11.44007,0.2442281,0.5285208,-24.42281
11.46007,0.2547008,0.5236363,-25.47008
11.48007,0.2650717,0.5185423,-26.50717
11.50007,0.2753365,0.5132409,-27.53365
11.52007,0.2854912,0.5077341,-28.54912
11.54007,0.2955317,0.5020243,-29.55317
11.56007,0.3054539,0.4961137,-30.54539
11.58008,0.315254,0.4900046,-31.5254
11.60008,0.324928,0.4836995,-32.4928
11.62008,0.334472,0.4772009,-33.4472
11.64008,0.3438823,0.4705115,-34.38823
11.66008,0.3531549,0.4636339,-35.31549
11.68008,0.3622863,0.4565708,-36.22863
11.70008,0.3712728,0.4493251,-37.12729
11.72008,0.3801108,0.4418996,-38.01108
11.74008,0.3887968,0.4342974,-38.87968
11.76008,0.3973272,0.4265215,-39.73272
11.78008,0.4056987,0.4185749,-40.56987
11.80008,0.4139079,0.4104609,-41.39079
11.82008,0.4219516,0.4021828,-42.19516
11.84008,0.4298265,0.3937437,-42.98265
11.86008,0.4375294,0.3851472,-43.75294
11.88008,0.4450573,0.3763966,-44.50573
11.90008,0.4524072,0.3674954,-45.24072
11.92008,0.4595762,0.3584473,-45.95762
11.94008,0.4665613,0.3492558,-46.65613
11.96008,0.4733598,0.3399246,-47.33598
11.98008,0.479969,0.3304574,-47.99689
12.00008,0.4863861,0.320858,-48.63861
12.02009,0.4926087,0.3111303,-49.26087
12.04009,0.4986343,0.3012781,-49.86343
12.06009,0.5044604,0.2913054,-50.44604
12.08009,0.5100847,0.2812162,-51.00848
12.10009,0.515505,0.2710145,-51.5505
12.12009,0.5207191,0.2607044,-52.07191
12.14009,0.5257249,0.25029,-52.57249
12.16009,0.5305204,0.2397755,-53.05204
12.18009,0.5351037,0.2291651,-53.51037
12.20009,0.5394729,0.218463,-53.94729
12.22009,0.5436264,0.2076736,-54.36264
12.24009,0.5475624,0.1968011,-54.75624
12.26009,0.5512794,0.1858498,-55.12794
12.28009,0.5547759,0.1748242,-55.47759
12.30009,0.5580505,0.1637287,-55.80505
12.32009,0.5611018,0.1525677,-56.11018
12.34009,0.5639287,0.1413456,-56.39287
12.36009,0.56653,0.1300671,-56.653
12.38009,0.5689048,0.1187365,-56.89048
12.40009,0.5710519,0.1073584,-57.10519
12.42009,0.5729706,0.09593733,-57.29706
12.44009,0.5746602,0.08447792,-57.46602
12.4601,0.5761199,0.07298471,-57.61199
12.4801,0.5773491,0.06146231,-57.73491
12.5001,0.5783474,0.04991533,-57.83474
12.5201,0.5791144,0.03834838,-57.91145
12.5401,0.5796497,0.02676609,-57.96497
12.5601,0.5799532,0.0151731,-57.99532
12.5801,0.5800247,0.003574033,-58.00246
12.6001,0.5798641,-0.008026459,-57.98642
12.6201,0.5794716,-0.01962374,-57.94717
12.6401,0.5788474,-0.03121318,-57.88474
12.6601,0.5779916,-0.04279012,-57.79916
12.6801,0.5769046,-0.05434996,-57.69046
12.7001,0.5755869,-0.06588805,-57.55869
12.7201,0.5740389,-0.07739978,-57.40388
12.7401,0.5722613,-0.08888056,-57.22613
12.7601,0.5702547,-0.1003258,-57.02547
12.7801,0.5680201,-0.1117309,-56.80201
12.8001,0.5655583,-0.1230913,-56.55582
12.8201,0.5628702,-0.1344024,-56.28702
12.8401,0.559957,-0.1456598,-55.9957
12.8601,0.5568199,-0.156859,-55.68198
12.88011,0.5534599,-0.1679954,-55.34599
12.90011,0.5498787,-0.1790646,-54.98787
12.92011,0.5460774,-0.1900622,-54.60774
12.94011,0.5420578,-0.2009837,-54.20578
12.96011,0.5378212,-0.2118249,-53.78212
12.98011,0.5333696,-0.2225813,-53.33696
13.00011,0.5287046,-0.2332487,-52.87046
13.02011,0.5238282,-0.2438228,-52.38282
13.04011,0.5187422,-0.2542993,-51.87422
13.06011,0.5134487,-0.2646742,-51.34487
13.08011,0.5079498,-0.2749432,-50.79498
13.10011,0.5022478,-0.2851022,-50.22478
13.12011,0.4963449,-0.2951471,-49.63449
13.14011,0.4902434,-0.305074,-49.02434
13.16011,0.4839458,-0.3148789,-48.39458
13.18011,0.4774546,-0.3245578,-47.74546
13.20011,0.4707725,-0.3341069,-47.07725
13.22011,0.4639021,-0.3435223,-46.39021
13.24011,0.4568461,-0.3528003,-45.6846
13.26011,0.4496073,-0.3619373,-44.96073
13.28011,0.4421887,-0.3709294,-44.21887
13.30011,0.4345933,-0.3797732,-43.45933
13.32012,0.426824,-0.388465,-42.6824
13.34012,0.418884,-0.3970015,-41.8884
13.36012,0.4107764,-0.4053792,-41.07764
13.38012,0.4025045,-0.4135947,-40.25045
13.40012,0.3940716,-0.4216448,-39.40716
13.42012,0.3854811,-0.4295262,-38.54811
13.44012,0.3767364,-0.4372359,-37.67364
13.46012,0.367841,-0.4447706,-36.7841
13.48012,0.3587984,-0.4521274,-35.87984
13.50012,0.3496124,-0.4593034,-34.96124
13.52012,0.3402864,-0.4662956,-34.02864
13.54012,0.3308244,-0.4731013,-33.08244
13.56012,0.3212301,-0.4797178,-32.123
13.58012,0.3115072,-0.4861424,-31.15072
13.60012,0.3016597,-0.4923726,-30.16597
13.62012,0.2916916,-0.4984058,-29.16916
13.64012,0.2816069,-0.5042396,-28.16068
13.66012,0.2714094,-0.5098717,-27.14094
13.68012,0.2611034,-0.5152999,-26.11034
13.70012,0.250693,-0.520522,-25.0693
13.72012,0.2401823,-0.5255359,-24.01823
13.74012,0.2295755,-0.5303395,-22.95755
13.76013,0.2188769,-0.5349311,-21.88769
13.78013,0.2080907,-0.5393086,-20.80907
13.80013,0.1972213,-0.5434704,-19.72213
13.82013,0.186273,-0.5474148,-18.6273
13.84013,0.1752502,-0.5511403,-17.52502
13.86013,0.1641573,-0.5546453,-16.41573
13.88013,0.1529987,-0.5579284,-15.29987
13.90013,0.1417789,-0.5609884,-14.17789
13.92013,0.1305024,-0.563824,-13.05024
13.94013,0.1191738,-0.566434,-11.91738
13.96013,0.1077974,-0.5688175,-10.77974
13.98013,0.09637795,-0.5709735,-9.637794
14.00013,0.08491993,-0.572901,-8.491993
14.02013,0.07342795,-0.5745994,-7.342794
14.04013,0.06190659,-0.5760679,-6.190659
14.06013,0.05036047,-0.577306,-5.036047
14.08013,0.0387942,-0.5783132,-3.879421
14.10013,0.02721242,-0.5790891,-2.721242
14.12013,0.01561976,-0.5796334,-1.561976
14.14013,0.004020841,-0.5799457,-0.4020841
14.16013,-0.007579681,-0.5800261,0.7579681
14.18013,-0.01917717,-0.5798746,1.917717
14.20014,-0.03076699,-0.579491,3.076699
14.22014,-0.04234451,-0.5788757,4.234451
14.24014,-0.05390508,-0.5780288,5.390509
14.26014,-0.0654441,-0.5769507,6.54441
14.28014,-0.07695694,-0.5756418,7.695693
14.30014,-0.08843899,-0.5741027,8.843899
14.32014,-0.09988566,-0.5723339,9.988566
14.34014,-0.1112924,-0.5703362,11.12924
14.36014,-0.1226546,-0.5681103,12.26546
14.38014,-0.1339677,-0.5656573,13.39677
14.40014,-0.1452273,-0.5629779,14.52273
14.42014,-0.1564288,-0.5600734,15.64288
14.44014,-0.1675677,-0.5569448,16.75677
14.46014,-0.1786395,-0.5535935,17.86395
14.48014,-0.18964,-0.5500207,18.96399
14.50014,-0.2005645,-0.5462279,20.05645
14.52014,-0.2114089,-0.5422166,21.14088
14.54014,-0.2221686,-0.5379884,22.21686
14.56014,-0.2328395,-0.5335451,23.28395
14.58014,-0.2434173,-0.5288883,24.34173
14.60014,-0.2538977,-0.52402,25.38977
14.62014,-0.2642765,-0.518942,26.42765
14.64015,-0.2745497,-0.5136565,27.45497
14.66015,-0.284713,-0.5081655,28.4713
14.68015,-0.2947624,-0.5024712,29.47624
14.70015,-0.3046939,-0.496576,30.46939
14.72015,-0.3145036,-0.4904821,31.45036
14.74015,-0.3241874,-0.484192,32.41874
14.76015,-0.3337416,-0.4777083,33.37416
14.78015,-0.3431622,-0.4710334,34.31622
14.80015,-0.3524456,-0.4641702,35.24456
14.82015,-0.3615881,-0.4571213,36.15881
14.84015,-0.3705859,-0.4498895,37.05859
14.86015,-0.3794354,-0.4424778,37.94354
14.88015,-0.3881332,-0.4348891,38.81332
14.90015,-0.3966757,-0.4271264,39.66757
14.92015,-0.4050596,-0.4191929,40.50596
14.94015,-0.4132814,-0.4110917,41.32814
14.96015,-0.421338,-0.4028261,42.1338
14.98015,-0.429226,-0.3943993,42.9226
15.00015,-0.4369422,-0.3858148,43.69423
15.02015,-0.4444838,-0.3770759,44.44838
15.04015,-0.4518475,-0.3681863,45.18475
15.06015,-0.4590305,-0.3591493,45.90305
15.08016,-0.4660299,-0.3499687,46.60299
15.10016,-0.4728428,-0.3406481,47.28428
15.12016,-0.4794666,-0.3311913,47.94666
15.14016,-0.4858987,-0.3216019,48.58987
15.16016,-0.4921364,-0.311884,49.21363
15.18016,-0.4981772,-0.3020412,49.81772
15.20016,-0.5040187,-0.2920777,50.40187
15.22016,-0.5096587,-0.2819973,50.96587
15.24016,-0.5150948,-0.2718042,51.50948
15.26016,-0.5203248,-0.2615023,52.03248
15.28016,-0.5253468,-0.2510958,52.53468
15.30016,-0.5301585,-0.2405888,53.01585
15.32016,-0.5347582,-0.2299857,53.47582
15.34016,-0.539144,-0.2192905,53.91441
15.36016,-0.5433142,-0.2085076,54.33142
15.38016,-0.547267,-0.1976413,54.7267
15.40016,-0.551001,-0.186696,55.10009
15.42016,-0.5545145,-0.175676,55.45145
15.44016,-0.5578062,-0.1645857,55.78062
15.46016,-0.5608748,-0.1534296,56.08747
15.48016,-0.563719,-0.1422121,56.3719
15.50016,-0.5663377,-0.1309377,56.63377
15.52017,-0.5687299,-0.1196109,56.87299
15.54017,-0.5708947,-0.1082363,57.08947
15.56017,-0.572831,-0.09681845,57.2831
15.58017,-0.5745383,-0.08536182,57.45383
15.60017,-0.5760157,-0.07387106,57.60157
15.62017,-0.5772627,-0.06235075,57.72627
15.64017,-0.5782788,-0.0508055,57.82788
15.66017,-0.5790636,-0.03923992,57.90636
15.68017,-0.5796168,-0.02765865,57.96168
15.70017,-0.5799381,-0.01606632,57.99381
15.72017,-0.5800275,-0.004467562,58.00275
15.74017,-0.5798848,0.007132985,57.98848
15.76017,-0.5795102,0.01873068,57.95102
15.78017,-0.5789038,0.03032088,57.89038
15.80017,-0.5780658,0.04189895,57.80658
15.82017,-0.5769966,0.05346027,57.69966
15.84017,-0.5756966,0.0650002,57.56966
15.86017,-0.5741664,0.07651413,57.41664
15.88017,-0.5724064,0.08799746,57.24064
15.90017,-0.5704175,0.09944559,57.04175
15.92017,-0.5682005,0.1108539,56.82005
15.94018,-0.5657561,0.122218,56.57561
15.96018,-0.5630854,0.1335331,56.30854
15.98018,-0.5601895,0.1447948,56.01896
16.00018,-0.5570696,0.1559986,55.70696
16.02018,-0.5537268,0.16714,55.37268
16.04018,-0.5501625,0.1782145,55.01625
16.06018,-0.5463781,0.1892177,54.63781
16.08018,-0.5423752,0.2001453,54.23752
16.10018,-0.5381554,0.2109928,53.81554
16.12018,-0.5337203,0.2217559,53.37202
16.14018,-0.5290716,0.2324303,52.90716
16.16018,-0.5242114,0.2430118,52.42114
16.18018,-0.5191415,0.253496,51.91415
16.20018,-0.5138639,0.2638788,51.38639
16.22018,-0.5083808,0.2741561,50.83808
16.24018,-0.5026943,0.2843237,50.26943
16.26018,-0.4968068,0.2943776,49.68068
16.28018,-0.4907205,0.3043137,49.07205
16.30018,-0.4844379,0.3141281,48.44379
16.32018,-0.4779616,0.3238169,47.79616
16.34018,-0.4712941,0.3333761,47.12941
16.36018,-0.464438,0.342802,46.4438
16.38018,-0.4573962,0.3520908,45.73962
16.40018,-0.4501714,0.3612387,45.01714
16.42019,-0.4427666,0.3702421,44.27666
16.44019,-0.4351847,0.3790975,43.51847
16.46019,-0.4274286,0.3878011,42.74286
16.48019,-0.4195016,0.3963497,41.95016
16.50019,-0.4114068,0.4047397,41.14069
16.52019,-0.4031475,0.4129679,40.31475
16.54019,-0.3947269,0.4210308,39.47269
16.56019,-0.3861484,0.4289254,38.61484
16.58019,-0.3774154,0.4366483,37.74154
16.60019,-0.3685315,0.4441966,36.85315
16.62019,-0.3595001,0.4515673,35.95001
16.64019,-0.350325,0.4587573,35.0325
16.66019,-0.3410097,0.4657637,34.10097
16.68019,-0.331558,0.4725839,33.1558
16.70019,-0.3219737,0.4792151,32.19737
16.72019,-0.3122606,0.4856546,31.22606
16.74019,-0.3024226,0.4918998,30.24226
16.76019,-0.2924637,0.4979483,29.24637
16.78019,-0.2823877,0.5037975,28.23877
16.80019,-0.2721988,0.5094453,27.21988
16.82019,-0.261901,0.5148893,26.1901
16.84019,-0.2514985,0.5201273,25.14985
16.8602,-0.2409953,0.5251573,24.09953
16.8802,-0.2303958,0.5299772,23.03958
16.9002,-0.2197041,0.5345851,21.97041
16.9202,-0.2089245,0.5389792,20.89245
16.9402,-0.1980613,0.5431576,19.80613
16.9602,-0.187119,0.5471188,18.7119
16.9802,-0.1761017,0.5508612,17.61017
17.0002,-0.1650141,0.5543833,16.50141
17.0202,-0.1538604,0.5576836,15.38604
17.0402,-0.1426452,0.5607608,14.26452
17.0602,-0.1313729,0.5636137,13.13729
17.0802,-0.1200481,0.5662411,12.00481
17.1002,-0.1086753,0.5686421,10.86753
17.1202,-0.09725896,0.5708156,9.725896
17.1402,-0.08580374,0.5727608,8.580374
17.1602,-0.07431421,0.5744768,7.431421
17.1802,-0.06279495,0.5759631,6.279495
17.2002,-0.05125057,0.577219,5.125057
17.2202,-0.03968569,0.578244,3.968569
17.2402,-0.02810493,0.5790377,2.810493
17.2602,-0.01651293,0.5795998,1.651293
17.2802,-0.004914333,0.5799301,0.4914333
17.30021,0.006686234,0.5800284,-0.6686234
17.32021,0.01828413,0.5798946,-1.828413
17.34021,0.0298747,0.5795289,-2.98747
17.36021,0.04145333,0.5789315,-4.145333
17.38021,0.05301538,0.5781024,-5.301538
17.40021,0.06455623,0.5770421,-6.455623
17.42021,0.07607125,0.575751,-7.607125
17.44021,0.08755584,0.5742296,-8.755584
17.46021,0.09900541,0.5724785,-9.900541
17.48021,0.1104154,0.5704983,-11.04154
17.50021,0.1217812,0.5682901,-12.17812
17.52021,0.1330983,0.5658544,-13.30983
17.54021,0.1443621,0.5631925,-14.43621
17.56021,0.1555682,0.5603052,-15.55682
17.58021,0.1667121,0.5571939,-16.67121
17.60021,0.1777893,0.5538597,-17.77893
17.62021,0.1887954,0.5503039,-18.87954
17.64021,0.1997259,0.546528,-19.97259
17.66021,0.2105766,0.5425335,-21.05766
17.68021,0.221343,0.5383219,-22.1343
17.70021,0.2320209,0.5338951,-23.20209
17.72021,0.242606,0.5292547,-24.2606
17.74022,0.2530941,0.5244026,-25.30941
17.76022,0.2634809,0.5193407,-26.34809
17.78022,0.2737623,0.514071,-27.37623
17.80022,0.2839342,0.5085958,-28.39342
17.82022,0.2939926,0.5029171,-29.39926
17.84022,0.3039333,0.4970373,-30.39333
17.86022,0.3137525,0.4909586,-31.37525
17.88022,0.3234462,0.4846835,-32.34462
17.90022,0.3330105,0.4782146,-33.30105
17.92022,0.3424416,0.4715544,-34.24416
17.94022,0.3517357,0.4647056,-35.17357
17.96022,0.3608891,0.4576708,-36.08891
17.98022,0.3698982,0.450453,-36.98982
18.00022,0.3787593,0.4430551,-37.87593
18.02022,0.3874689,0.4354799,-38.74689
18.04022,0.3960235,0.4277305,-39.60235
18.06022,0.4044197,0.4198101,-40.44197
18.08022,0.4126541,0.4117217,-41.26541
18.10022,0.4207235,0.4034686,-42.07235
18.12022,0.4286246,0.3950541,-42.86246
18.14022,0.4363542,0.3864816,-43.63542
18.16022,0.4439093,0.3777546,-44.39093
18.18023,0.4512868,0.3688764,-45.12868
18.20023,0.4584838,0.3598507,-45.84838
18.22023,0.4654975,0.350681,-46.54975
18.24023,0.4723249,0.3413711,-47.23249
18.26023,0.4789634,0.3319246,-47.89634
18.28023,0.4854103,0.3223453,-48.54103
18.30023,0.491663,0.3126371,-49.1663
18.32023,0.4977191,0.3028038,-49.77191
18.34023,0.503576,0.2928495,-50.3576
18.36023,0.5092316,0.2827779,-50.92316
18.38023,0.5146835,0.2725933,-51.46835
18.40023,0.5199295,0.2622996,-51.99295
18.42023,0.5249675,0.251901,-52.49675
18.44023,0.5297955,0.2414017,-52.97955
18.46023,0.5344117,0.2308058,-53.44117
18.48023,0.538814,0.2201176,-53.8814
18.50023,0.5430008,0.2093413,-54.30008
18.52023,0.5469704,0.1984813,-54.69704
18.54023,0.5507213,0.1875419,-55.07213
18.56023,0.5542518,0.1765274,-55.42519
18.58023,0.5575607,0.1654424,-55.75607
18.60023,0.5606465,0.1542912,-56.06465
18.62024,0.5635081,0.1430783,-56.35081
18.64024,0.5661442,0.1318081,-56.61442
18.66024,0.5685539,0.1204852,-56.85539
18.68024,0.5707362,0.1091141,-57.07362
18.70024,0.5726902,0.0976994,-57.26902
18.72024,0.5744151,0.0862456,-57.44151
18.74024,0.5759102,0.07475729,-57.59102
18.76024,0.577175,0.06323909,-57.7175
18.78024,0.5782089,0.05169559,-57.82089
18.80024,0.5790116,0.04013141,-57.90116
18.82024,0.5795826,0.02855118,-57.95826
18.84024,0.5799218,0.01695953,-57.99218
18.86024,0.580029,0.00536109,-58.0029
18.88024,0.5799042,-0.006239491,-57.99042
18.90024,0.5795475,-0.01783758,-57.95475
18.92024,0.5789589,-0.02942853,-57.89589
18.94024,0.5781387,-0.04100771,-57.81387
18.96024,0.5770873,-0.05257048,-57.70873
18.98024,0.5758051,-0.06411222,-57.58051
19.00024,0.5742925,-0.07562833,-57.42925
19.02024,0.5725502,-0.08711418,-57.25502
19.04025,0.5705789,-0.09856518,-57.05789
19.06025,0.5683793,-0.1099768,-56.83793
19.08025,0.5659525,-0.1213444,-56.59525
19.10025,0.5632992,-0.1326634,-56.32993
19.12025,0.5604206,-0.1439294,-56.04206
19.14025,0.5573179,-0.1551378,-55.73178
19.16025,0.5539922,-0.1662841,-55.39922
19.18025,0.5504449,-0.177364,-55.04449
19.20025,0.5466775,-0.1883729,-54.66775
19.22025,0.5426913,-0.1993064,-54.26913
19.24025,0.5384881,-0.2101603,-53.84882
19.26025,0.5340695,-0.22093,-53.40695
19.28025,0.5294373,-0.2316114,-52.94373
19.30025,0.5245933,-0.2422002,-52.45933
19.32025,0.5195395,-0.252692,-51.95395
19.34025,0.5142778,-0.2630828,-51.42778
19.36025,0.5088105,-0.2733684,-50.88105
19.38025,0.5031396,-0.2835446,-50.31396
19.40025,0.4972674,-0.2936074,-49.72674
19.42025,0.4911963,-0.3035527,-49.11963
19.44025,0.4849288,-0.3133766,-48.49288
19.46025,0.4784673,-0.3230752,-47.84673
19.48026,0.4718144,-0.3326446,-47.18144
19.50026,0.4649728,-0.3420808,-46.49728
19.52026,0.4579452,-0.3513803,-45.79452
19.54026,0.4507344,-0.3605392,-45.07344
19.56026,0.4433433,-0.3695539,-44.33433
19.58026,0.4357749,-0.3784208,-43.57749
19.60026,0.4280322,-0.3871363,-42.80322
19.62026,0.4201182,-0.3956969,-42.01182
19.64026,0.4120362,-0.4040993,-41.20362
19.66026,0.4037894,-0.41234,-40.37894
19.68026,0.3953811,-0.4204158,-39.53811
19.70026,0.3868147,-0.4283234,-38.68147
19.72026,0.3780935,-0.4360597,-37.80935
19.74026,0.369221,-0.4436216,-36.9221
19.76026,0.3602009,-0.451006,-36.02009
19.78026,0.3510367,-0.4582101,-35.10367
19.80026,0.3417321,-0.4652308,-34.17321
19.82026,0.3322908,-0.4720654,-33.22908
19.84026,0.3227165,-0.4787113,-32.27165
19.86026,0.3130132,-0.4851656,-31.30132
19.88026,0.3031847,-0.4914259,-30.31847
19.90026,0.2932349,-0.4974896,-29.32349
19.92027,0.2831678,-0.5033543,-28.31678
19.94027,0.2729875,-0.5090176,-27.29875
19.96027,0.2626979,-0.5144773,-26.26979
19.98027,0.2523033,-0.5197313,-25.23033
20.00027,0.2418078,-0.5247774,-24.18078
