t,z(t),v(t),F(t) (added)
0.02,-1.88,0,188
0.04,-1.879248,0.0376,187.9248
0.06,-1.877744,0.07518496,187.7744
0.08,-1.875489,0.1127398,187.549
0.09999999,-1.872484,0.1502496,187.2484
0.12,-1.86873,0.1876993,186.873
0.14,-1.864229,0.2250739,186.4229
0.16,-1.858982,0.2623585,185.8982
0.18,-1.852991,0.2995381,185.2991
0.2,-1.846259,0.3365979,184.6259
0.22,-1.838789,0.3735231,183.8789
0.24,-1.830583,0.4102989,183.0583
0.26,-1.821644,0.4469105,182.1644
0.28,-1.811978,0.4833434,181.1978
0.3,-1.801586,0.519583,180.1586
0.32,-1.790473,0.5556147,179.0473
0.34,-1.778645,0.5914242,177.8645
0.36,-1.766105,0.6269971,176.6105
0.38,-1.752859,0.6623191,175.2859
0.4,-1.738911,0.6973763,173.8911
0.42,-1.724268,0.7321545,172.4268
0.4400001,-1.708935,0.7666399,170.8935
0.4600001,-1.692919,0.8008186,169.2919
0.4800001,-1.676225,0.8346769,167.6225
0.5000001,-1.658861,0.8682014,165.8861
0.52,-1.640834,0.9013786,164.0834
0.54,-1.62215,0.9341953,162.215
0.56,-1.602817,0.9666383,160.2817
0.58,-1.582843,0.9986946,158.2843
0.6,-1.562236,1.030351,156.2236
0.6199999,-1.541004,1.061596,154.1004
0.6399999,-1.519156,1.092416,151.9156
0.6599999,-1.4967,1.122799,149.67
0.6799999,-1.473645,1.152733,147.3645
0.6999999,-1.450001,1.182206,145.0001
0.7199998,-1.425777,1.211206,142.5777
0.7399998,-1.400982,1.239722,140.0983
0.7599998,-1.375628,1.267742,137.5628
0.7799998,-1.349723,1.295254,134.9722
0.7999998,-1.323277,1.322249,132.3277
0.8199998,-1.296303,1.348714,129.6303
0.8399997,-1.26881,1.37464,126.881
0.8599997,-1.24081,1.400017,124.081
0.8799997,-1.212313,1.424833,121.2313
0.8999997,-1.183332,1.449079,118.3332
0.9199997,-1.153877,1.472746,115.3877
0.9399996,-1.12396,1.495823,112.396
0.9599996,-1.093594,1.518302,109.3594
0.9799996,-1.062791,1.540174,106.2791
0.9999996,-1.031562,1.56143,103.1562
1.02,-0.9999212,1.582061,99.99212
1.04,-0.96788,1.60206,96.788
1.06,-0.9354517,1.621417,93.54517
1.08,-0.9026492,1.640126,90.26492
1.1,-0.8694856,1.658179,86.94855
1.12,-0.8359742,1.675569,83.59741
1.14,-0.8021284,1.692288,80.21284
1.159999,-0.7679617,1.708331,76.79617
1.179999,-0.733488,1.72369,73.34879
1.199999,-0.6987208,1.73836,69.87208
1.219999,-0.6636741,1.752334,66.36741
1.239999,-0.6283619,1.765608,62.83619
1.259999,-0.5927984,1.778175,59.27983
1.279999,-0.5569977,1.790031,55.69977
1.299999,-0.5209743,1.801171,52.09743
1.319999,-0.4847425,1.811591,48.47425
1.339999,-0.4483168,1.821285,44.83168
1.359999,-0.4117117,1.830252,41.17117
1.379999,-0.374942,1.838486,37.4942
1.399999,-0.3380223,1.845985,33.80223
1.419999,-0.3009674,1.852745,30.09674
1.439999,-0.2637921,1.858765,26.37921
1.459999,-0.2265113,1.86404,22.65113
1.479999,-0.1891399,1.868571,18.91399
1.499999,-0.1516928,1.872353,15.16928
1.519999,-0.1141851,1.875387,11.41851
1.539999,-0.07663168,1.877671,7.663168
1.559999,-0.03904761,1.879204,3.904761
1.579999,-0.001447916,1.879985,0.1447916
1.599999,0.03615236,1.880014,-3.615236
1.619999,0.07373817,1.879291,-7.373816
1.639999,0.1112945,1.877816,-11.12945
1.659999,0.1488063,1.87559,-14.88063
1.679999,0.1862586,1.872614,-18.62585
1.699999,0.2236363,1.868889,-22.36363
1.719999,0.2609246,1.864416,-26.09246
1.739999,0.2981086,1.859197,-29.81086
1.759999,0.3351733,1.853235,-33.51733
1.779999,0.3721039,1.846532,-37.21039
1.799999,0.4088857,1.83909,-40.88857
1.819999,0.445504,1.830912,-44.5504
1.839999,0.481944,1.822002,-48.1944
1.859999,0.5181913,1.812363,-51.81913
1.879999,0.5542313,1.801999,-55.42313
1.899999,0.5900496,1.790914,-59.00496
1.919999,0.6256318,1.779113,-62.56318
1.939999,0.6609638,1.766601,-66.09638
1.959999,0.6960315,1.753381,-69.60314
1.979999,0.7308207,1.739461,-73.08206
1.999999,0.7653176,1.724844,-76.53175
2.019999,0.7995083,1.709538,-79.95084
2.039999,0.8333793,1.693548,-83.33793
2.059999,0.8669169,1.67688,-86.69169
2.079999,0.9001077,1.659542,-90.01077
2.099999,0.9329385,1.64154,-93.29385
2.119999,0.9653962,1.622881,-96.53962
2.139999,0.9974676,1.603573,-99.74677
2.159999,1.02914,1.583624,-102.914
2.179999,1.060401,1.563041,-106.0401
2.199999,1.091238,1.541833,-109.1238
2.219999,1.121638,1.520008,-112.1638
2.239999,1.151589,1.497575,-115.1589
2.259999,1.18108,1.474544,-118.108
2.279999,1.210099,1.450922,-121.0098
2.299999,1.238633,1.42672,-123.8633
2.319999,1.266672,1.401947,-126.6672
2.339998,1.294204,1.376614,-129.4204
2.359998,1.321219,1.35073,-132.1219
2.379998,1.347705,1.324306,-134.7705
2.399998,1.373652,1.297351,-137.3652
2.419998,1.39905,1.269878,-139.905
2.439998,1.423887,1.241897,-142.3887
2.459998,1.448156,1.21342,-144.8156
2.479998,1.471845,1.184456,-147.1845
2.499998,1.494945,1.15502,-149.4945
2.519998,1.517448,1.125121,-151.7448
2.539998,1.539343,1.094772,-153.9343
2.559998,1.560623,1.063985,-156.0623
2.579998,1.581278,1.032772,-158.1278
2.599998,1.601301,1.001147,-160.1301
2.619998,1.620684,0.9691207,-162.0684
2.639998,1.639418,0.9367071,-163.9418
2.659998,1.657496,0.9039187,-165.7496
2.679998,1.674911,0.8707688,-167.4911
2.699998,1.691657,0.8372706,-169.1657
2.719998,1.707726,0.8034375,-170.7726
2.739998,1.723111,0.7692829,-172.3111
2.759998,1.737808,0.7348207,-173.7808
2.779998,1.751809,0.7000646,-175.1809
2.799998,1.765109,0.6650285,-176.5109
2.819998,1.777704,0.6297263,-177.7704
2.839998,1.789587,0.5941722,-178.9588
2.859998,1.800755,0.5583805,-180.0755
2.879998,1.811202,0.5223654,-181.1202
2.899998,1.820925,0.4861414,-182.0925
2.919998,1.82992,0.4497229,-182.992
2.939998,1.838182,0.4131245,-183.8182
2.959998,1.845709,0.3763608,-184.5709
2.979998,1.852498,0.3394467,-185.2498
2.999998,1.858546,0.3023967,-185.8546
3.019998,1.863851,0.2652258,-186.3851
3.039998,1.86841,0.2279488,-186.841
3.059998,1.872221,0.1905806,-187.2221
3.079998,1.875284,0.1531361,-187.5284
3.099998,1.877597,0.1156305,-187.7597
3.119998,1.879158,0.07807852,-187.9158
3.139998,1.879968,0.04049536,-187.9968
3.159998,1.880026,0.002896006,-188.0026
3.179998,1.879332,-0.03470451,-187.9332
3.199998,1.877886,-0.07229115,-187.7886
3.219998,1.875689,-0.1098489,-187.5689
3.239998,1.872742,-0.1473626,-187.2742
3.259998,1.869046,-0.1848175,-186.9046
3.279998,1.864602,-0.2221984,-186.4602
3.299998,1.859412,-0.2594904,-185.9412
3.319998,1.853478,-0.2966787,-185.3478
3.339998,1.846803,-0.3337482,-184.6803
3.359998,1.83939,-0.3706843,-183.939
3.379997,1.83124,-0.4074721,-183.124
3.399997,1.822358,-0.4440969,-182.2358
3.419997,1.812747,-0.480544,-181.2747
3.439997,1.802412,-0.516799,-180.2411
3.459997,1.791355,-0.5528472,-179.1355
3.479997,1.779581,-0.5886743,-177.9581
3.499997,1.767096,-0.6242659,-176.7096
3.519997,1.753904,-0.6596078,-175.3904
3.539997,1.74001,-0.6946859,-174.001
3.559997,1.72542,-0.729486,-172.542
3.579997,1.71014,-0.7639945,-171.0141
3.599997,1.694177,-0.7981973,-169.4176
3.619997,1.677535,-0.8320808,-167.7535
3.639997,1.660222,-0.8656315,-166.0222
3.659997,1.642246,-0.8988359,-164.2245
3.679997,1.623612,-0.9316808,-162.3612
3.699997,1.604329,-0.9641531,-160.4329
3.719997,1.584404,-0.9962396,-158.4404
3.739997,1.563846,-1.027928,-156.3846
3.759997,1.542661,-1.059205,-154.2661
3.779997,1.52086,-1.090058,-152.086
3.799997,1.498451,-1.120475,-149.8451
3.819997,1.475442,-1.150444,-147.5442
3.839997,1.451843,-1.179953,-145.1843
3.859997,1.427663,-1.20899,-142.7663
3.879997,1.402912,-1.237543,-140.2912
3.899997,1.3776,-1.265601,-137.76
3.919997,1.351737,-1.293153,-135.1737
3.939997,1.325333,-1.320188,-132.5333
3.959997,1.298399,-1.346695,-129.84
3.979997,1.270946,-1.372663,-127.0946
3.999997,1.242985,-1.398082,-124.2985
4.019997,1.214526,-1.422941,-121.4526
4.039997,1.185581,-1.447232,-118.5581
4.059997,1.156162,-1.470943,-115.6162
4.079997,1.126281,-1.494067,-112.6281
4.099997,1.095949,-1.516592,-109.5949
4.119997,1.065179,-1.538511,-106.5179
4.139997,1.033983,-1.559815,-103.3983
4.159997,1.002373,-1.580494,-100.2373
4.179997,0.9703618,-1.600542,-97.03618
4.199997,0.9379628,-1.619949,-93.79628
4.219997,0.9051886,-1.638708,-90.51886
4.239997,0.8720524,-1.656812,-87.20524
4.259997,0.8385673,-1.674253,-83.85674
4.279997,0.8047468,-1.691024,-80.47468
4.299997,0.7706044,-1.707119,-77.06044
4.319997,0.7361538,-1.722531,-73.61538
4.339997,0.7014087,-1.737255,-70.14087
4.359997,0.666383,-1.751283,-66.63831
4.379997,0.6310908,-1.76461,-63.10908
4.399997,0.5955462,-1.777232,-59.55462
4.419997,0.5597633,-1.789143,-55.97633
4.439997,0.5237566,-1.800338,-52.37566
4.459997,0.4875403,-1.810814,-48.75403
4.479997,0.451129,-1.820564,-45.1129
4.499997,0.4145373,-1.829587,-41.45373
4.519997,0.3777797,-1.837878,-37.77797
4.539997,0.3408711,-1.845433,-34.0871
4.559997,0.303826,-1.852251,-30.3826
4.579997,0.2666595,-1.858327,-26.66595
4.599997,0.2293863,-1.863661,-22.93863
4.619997,0.1920213,-1.868248,-19.20213
4.639997,0.1545795,-1.872089,-15.45795
4.659997,0.1170759,-1.87518,-11.70759
4.679996,0.07952549,-1.877522,-7.952549
4.699996,0.04194324,-1.879112,-4.194324
4.719996,0.004344217,-1.879951,-0.4344217
4.739996,-0.03325655,-1.880038,3.325655
4.759996,-0.070844,-1.879373,7.0844
4.779996,-0.1084031,-1.877956,10.84031
4.799996,-0.1459189,-1.875788,14.59189
4.819996,-0.1833763,-1.87287,18.33763
4.839996,-0.2207603,-1.869202,22.07603
4.859996,-0.258056,-1.864787,25.8056
4.879996,-0.2952486,-1.859626,29.52486
4.899996,-0.332323,-1.853721,33.2323
4.919996,-0.3692645,-1.847074,36.92645
4.939996,-0.4060583,-1.839689,40.60582
4.959996,-0.4426896,-1.831568,44.26896
4.979996,-0.4791439,-1.822714,47.91439
4.999996,-0.5154065,-1.813131,51.54065
5.019996,-0.5514629,-1.802823,55.14629
5.039996,-0.5872988,-1.791794,58.72988
5.059996,-0.6228998,-1.780048,62.28998
5.079996,-0.6582516,-1.76759,65.82516
5.099996,-0.6933401,-1.754425,69.33401
5.119996,-0.7281512,-1.740558,72.81512
5.139996,-0.7626711,-1.725995,76.26711
5.159996,-0.796886,-1.710742,79.6886
5.179996,-0.8307821,-1.694804,83.07821
5.199996,-0.8643458,-1.678189,86.43459
5.219996,-0.8975639,-1.660902,89.75639
5.239996,-0.9304229,-1.64295,93.04229
5.259996,-0.9629098,-1.624342,96.29098
5.279996,-0.9950114,-1.605084,99.50114
5.299996,-1.026715,-1.585184,102.6715
5.319996,-1.058008,-1.564649,105.8008
5.339996,-1.088878,-1.543489,108.8878
5.359996,-1.119312,-1.521712,111.9312
5.379996,-1.149299,-1.499326,114.9299
5.399996,-1.178826,-1.47634,117.8826
5.419996,-1.207881,-1.452763,120.7881
5.439996,-1.236453,-1.428605,123.6453
5.459996,-1.26453,-1.403876,126.453
5.479996,-1.292102,-1.378586,129.2102
5.499996,-1.319157,-1.352744,131.9157
5.519996,-1.345684,-1.326361,134.5684
5.539996,-1.371673,-1.299447,137.1673
5.559996,-1.397113,-1.272013,139.7113
5.579996,-1.421995,-1.244071,142.1995
5.599996,-1.446307,-1.215631,144.6307
5.619996,-1.470041,-1.186705,147.0041
5.639996,-1.493187,-1.157304,149.3187
5.659996,-1.515736,-1.127441,151.5736
5.679996,-1.537679,-1.097126,153.7679
5.699996,-1.559006,-1.066372,155.9006
5.719995,-1.57971,-1.035192,157.971
5.739995,-1.599782,-1.003598,159.9782
5.759995,-1.619214,-0.9716023,161.9214
5.779995,-1.637998,-0.939218,163.7999
5.799995,-1.656128,-0.9064581,165.6128
5.819995,-1.673594,-0.8733355,167.3594
5.839995,-1.690392,-0.8398637,169.0392
5.859995,-1.706513,-0.8060558,170.6513
5.879995,-1.721951,-0.7719256,172.1951
5.899995,-1.736701,-0.7374865,173.6701
5.919995,-1.750756,-0.7027525,175.0756
5.939995,-1.764111,-0.6677374,176.4111
5.959995,-1.77676,-0.6324552,177.676
5.979995,-1.788698,-0.59692,178.8698
5.999995,-1.799921,-0.561146,179.9921
6.019995,-1.810424,-0.5251476,181.0424
6.039995,-1.820203,-0.4889391,182.0203
6.059995,-1.829254,-0.4525351,182.9254
6.079995,-1.837573,-0.41595,183.7573
6.099995,-1.845157,-0.3791986,184.5157
6.119995,-1.852003,-0.3422954,185.2003
6.139995,-1.858108,-0.3052554,185.8108
6.159995,-1.86347,-0.2680932,186.347
6.179995,-1.868086,-0.2308238,186.8086
6.199995,-1.871955,-0.1934621,187.1955
6.219995,-1.875076,-0.156023,187.5076
6.239995,-1.877446,-0.1185215,187.7446
6.259995,-1.879066,-0.08097256,187.9066
6.279995,-1.879934,-0.04339124,187.9934
6.299995,-1.880049,-0.005792564,188.0049
6.319995,-1.879413,0.03180843,187.9413
6.339995,-1.878025,0.0693967,187.8025
6.359995,-1.875886,0.1069572,187.5886
6.379995,-1.872997,0.1444749,187.2997
6.399995,-1.869358,0.1819349,186.9358
6.419995,-1.864972,0.219322,186.4971
6.439995,-1.859839,0.2566215,185.9839
6.459995,-1.853963,0.2938182,185.3963
6.479995,-1.847345,0.3308975,184.7345
6.499995,-1.839988,0.3678444,183.9988
6.519995,-1.831895,0.4046441,183.1895
6.539995,-1.823069,0.441282,182.3069
6.559995,-1.813514,0.4777434,181.3514
6.579995,-1.803234,0.5140137,180.3234
6.599995,-1.792233,0.5500784,179.2233
6.619995,-1.780514,0.585923,178.0514
6.639995,-1.768083,0.6215333,176.8083
6.659995,-1.754946,0.6568949,175.4946
6.679995,-1.741106,0.6919938,174.1106
6.699995,-1.726569,0.7268159,172.6569
6.719995,-1.711342,0.7613473,171.1342
6.739995,-1.695431,0.7955741,169.5431
6.759995,-1.678841,0.8294827,167.8841
6.779994,-1.66158,0.8630596,166.158
6.799994,-1.643654,0.8962912,164.3654
6.819994,-1.625071,0.9291643,162.5071
6.839994,-1.605838,0.9616657,160.5838
6.859994,-1.585962,0.9937825,158.5962
6.879994,-1.565452,1.025502,156.5452
6.899994,-1.544316,1.056811,154.4316
6.919994,-1.522562,1.087697,152.2562
6.939994,-1.500199,1.118148,150.0199
6.959994,-1.477236,1.148152,147.7236
6.979994,-1.453682,1.177697,145.3682
6.999994,-1.429546,1.206771,142.9547
7.019994,-1.404839,1.235362,140.4839
7.039994,-1.37957,1.263458,137.957
7.059994,-1.353749,1.29105,135.3749
7.079994,-1.327387,1.318125,132.7387
7.099994,-1.300493,1.344672,130.0493
7.119994,-1.27308,1.370682,127.308
7.139994,-1.245157,1.396144,124.5157
7.159994,-1.216736,1.421047,121.6736
7.179994,-1.187828,1.445382,118.7828
7.199994,-1.158445,1.469138,115.8445
7.219994,-1.128599,1.492307,112.8599
7.239994,-1.098302,1.514879,109.8302
7.259994,-1.067565,1.536845,106.7565
7.279994,-1.036401,1.558197,103.6401
7.299994,-1.004822,1.578925,100.4822
7.319994,-0.9728417,1.599021,97.28417
7.339994,-0.9404722,1.618478,94.04722
7.359994,-0.9077265,1.637287,90.77264
7.379994,-0.8746176,1.655442,87.46176
7.399994,-0.841159,1.672934,84.1159
7.419994,-0.8073639,1.689757,80.73639
7.439994,-0.7732458,1.705904,77.32458
7.459994,-0.7388183,1.721369,73.88184
7.479994,-0.7040954,1.736146,70.40955
7.499994,-0.6690909,1.750228,66.90909
7.519994,-0.6338187,1.76361,63.38187
7.539994,-0.5982929,1.776286,59.8293
7.559994,-0.5625279,1.788252,56.25279
7.579994,-0.5265378,1.799502,52.65378
7.599994,-0.4903372,1.810033,49.03372
7.619994,-0.4539404,1.81984,45.39404
7.639994,-0.417362,1.828919,41.7362
7.659994,-0.3806167,1.837266,38.06167
7.679994,-0.3437191,1.844878,34.37191
7.699994,-0.306684,1.851753,30.66841
7.719994,-0.2695263,1.857886,26.95263
7.739994,-0.2322608,1.863277,23.22608
7.759994,-0.1949024,1.867922,19.49024
7.779994,-0.157466,1.87182,15.7466
7.799994,-0.1199666,1.874969,11.99666
7.819993,-0.08241921,1.877369,8.24192
7.839993,-0.04483887,1.879017,4.483887
7.859993,-0.00724059,1.879914,0.724059
7.879993,0.03036058,1.880059,-3.036058
7.899993,0.06794961,1.879452,-6.794961
7.919993,0.1055115,1.878093,-10.55115
7.939993,0.1430311,1.875982,-14.30311
7.959993,0.1804935,1.873122,-18.04935
7.979993,0.2178838,1.869512,-21.78838
7.999993,0.2551869,1.865154,-25.51869
8.019994,0.2923879,1.86005,-29.23879
8.039994,0.3294719,1.854203,-32.94719
8.059995,0.3664242,1.847613,-36.64242
8.079995,0.4032299,1.840285,-40.32299
8.099996,0.4398743,1.83222,-43.98743
8.119996,0.4763427,1.823422,-47.63427
8.139997,0.5126206,1.813896,-51.26206
8.159997,0.5486935,1.803643,-54.86935
8.179997,0.5845469,1.792669,-58.45469
8.199998,0.6201664,1.780978,-62.01664
8.219998,0.6555379,1.768575,-65.55379
8.239999,0.6906472,1.755464,-69.06472
8.259999,0.7254802,1.741651,-72.54802
8.28,0.7600231,1.727142,-76.0023
8.3,0.7942619,1.711941,-79.42619
8.320001,0.828183,1.696056,-82.8183
8.340001,0.8617728,1.679492,-86.17728
8.360002,0.895018,1.662257,-89.5018
8.380002,0.9279051,1.644357,-92.79051
8.400002,0.9604211,1.625799,-96.04211
8.420003,0.9925529,1.60659,-99.25529
8.440003,1.024288,1.586739,-102.4288
8.460004,1.055613,1.566253,-105.5613
8.480004,1.086516,1.545141,-108.6516
8.500005,1.116984,1.523411,-111.6984
8.520005,1.147005,1.501071,-114.7005
8.540006,1.176568,1.478131,-117.6568
8.560006,1.20566,1.4546,-120.566
8.580007,1.23427,1.430486,-123.427
8.600007,1.262386,1.405801,-126.2386
8.620008,1.289997,1.380553,-128.9997
8.640008,1.317092,1.354753,-131.7092
8.660008,1.34366,1.328412,-134.366
8.680009,1.369691,1.301538,-136.9691
8.700009,1.395174,1.274145,-139.5173
8.72001,1.420098,1.246241,-142.0098
8.74001,1.444455,1.217839,-144.4455
8.760011,1.468234,1.18895,-146.8234
8.780011,1.491426,1.159585,-149.1426
8.800012,1.514021,1.129757,-151.4021
8.820012,1.536011,1.099476,-153.6011
8.840013,1.557386,1.068756,-155.7386
8.860013,1.578138,1.037608,-157.8138
8.880013,1.598259,1.006046,-159.8259
8.900014,1.617741,0.9740804,-161.774
8.920014,1.636575,0.9417256,-163.6575
8.940015,1.654755,0.9089941,-165.4755
8.960015,1.672273,0.875899,-167.2273
8.980016,1.689122,0.8424535,-168.9122
9.000016,1.705295,0.8086711,-170.5295
9.020017,1.720786,0.7745652,-172.0786
9.040017,1.735589,0.7401494,-173.5589
9.060018,1.749698,0.7054377,-174.9698
9.080018,1.763107,0.6704437,-176.3107
9.100019,1.775811,0.6351815,-177.5811
9.120019,1.787804,0.5996653,-178.7804
9.140019,1.799082,0.5639093,-179.9082
9.16002,1.809641,0.5279276,-180.9641
9.18002,1.819475,0.4917348,-181.9475
9.200021,1.828582,0.4553453,-182.8582
9.220021,1.836958,0.4187737,-183.6958
9.240022,1.844599,0.3820345,-184.4599
9.260022,1.851501,0.3451426,-185.1501
9.280023,1.857664,0.3081126,-185.7664
9.300023,1.863083,0.2709593,-186.3083
9.320024,1.867757,0.2336976,-186.7757
9.340024,1.871684,0.1963425,-187.1684
9.360024,1.874862,0.1589088,-187.4862
9.380025,1.87729,0.1214116,-187.729
9.400025,1.878967,0.08386579,-187.8967
9.420026,1.879893,0.04628645,-187.9893
9.440026,1.880067,0.008688587,-188.0067
9.460027,1.879488,-0.02891275,-187.9489
9.480027,1.878158,-0.06650253,-187.8158
9.500028,1.876077,-0.1040657,-187.6077
9.520028,1.873245,-0.1415872,-187.3246
9.540029,1.869664,-0.1790521,-186.9664
9.560029,1.865335,-0.2164454,-186.5335
9.580029,1.86026,-0.2537521,-186.026
9.60003,1.854441,-0.2909573,-185.4441
9.62003,1.84788,-0.3280461,-184.788
9.640031,1.84058,-0.3650037,-184.058
9.660031,1.832544,-0.4018154,-183.2544
9.680032,1.823775,-0.4384662,-182.3775
9.700032,1.814276,-0.4749417,-181.4276
9.720033,1.804051,-0.5112273,-180.4051
9.740033,1.793105,-0.5473083,-179.3105
9.760034,1.781442,-0.5831704,-178.1442
9.780034,1.769066,-0.6187992,-176.9066
9.800035,1.755982,-0.6541805,-175.5982
9.820035,1.742196,-0.6893002,-174.2196
9.840035,1.727713,-0.7241441,-172.7713
9.860036,1.712539,-0.7586983,-171.2539
9.880036,1.69668,-0.7929491,-169.668
9.900037,1.680143,-0.8268827,-168.0143
9.920037,1.662933,-0.8604856,-166.2933
9.940038,1.645058,-0.8937442,-164.5058
9.960038,1.626525,-0.9266454,-162.6525
9.980039,1.607342,-0.9591759,-160.7342
10.00004,1.587515,-0.9913227,-158.7515
10.02004,1.567054,-1.023073,-156.7054
10.04004,1.545966,-1.054414,-154.5966
10.06004,1.524259,-1.085333,-152.4259
10.08004,1.501943,-1.115819,-150.1943
10.10004,1.479025,-1.145857,-147.9025
10.12004,1.455517,-1.175438,-145.5517
10.14004,1.431426,-1.204548,-143.1426
10.16004,1.406762,-1.233177,-140.6762
10.18004,1.381536,-1.261312,-138.1536
10.20004,1.355757,-1.288942,-135.5757
10.22004,1.329436,-1.316058,-132.9436
10.24004,1.302583,-1.342646,-130.2583
10.26005,1.275209,-1.368698,-127.5209
10.28005,1.247325,-1.394202,-124.7325
10.30005,1.218942,-1.419149,-121.8942
10.32005,1.190071,-1.443527,-119.0071
10.34005,1.160725,-1.467329,-116.0725
10.36005,1.130914,-1.490543,-113.0914
10.38005,1.100651,-1.513162,-110.0651
10.40005,1.069947,-1.535175,-106.9947
10.42005,1.038816,-1.556574,-103.8816
10.44005,1.007269,-1.57735,-100.7269
10.46005,0.9753188,-1.597495,-97.53188
10.48005,0.9429787,-1.617002,-94.29787
10.50005,0.9102615,-1.635861,-91.02615
10.52005,0.8771802,-1.654067,-87.71802
10.54005,0.843748,-1.67161,-84.37479
10.56005,0.8099782,-1.688485,-80.99783
10.58005,0.7758846,-1.704685,-77.58846
10.60005,0.7414805,-1.720202,-74.14806
10.62005,0.7067799,-1.735032,-70.67799
10.64005,0.6717966,-1.749168,-67.17966
10.66005,0.6365445,-1.762604,-63.65445
10.68005,0.6010378,-1.775334,-60.10378
10.70006,0.5652907,-1.787355,-56.52907
10.72006,0.5293175,-1.798661,-52.93175
10.74006,0.4931326,-1.809247,-49.31326
10.76006,0.4567504,-1.81911,-45.67504
10.78006,0.4201855,-1.828245,-42.01855
10.80006,0.3834525,-1.836649,-38.34525
10.82006,0.3465661,-1.844318,-34.65661
10.84006,0.3095412,-1.851249,-30.95412
10.86006,0.2723924,-1.85744,-27.23924
10.88006,0.2351346,-1.862888,-23.51346
10.90006,0.1977828,-1.86759,-19.77828
10.92006,0.1603519,-1.871546,-16.03519
10.94006,0.1228568,-1.874753,-12.28568
10.96006,0.08531262,-1.87721,-8.531262
10.98006,0.04773429,-1.878916,-4.773429
11.00006,0.01013688,-1.879871,-1.013688
11.02006,-0.0274646,-1.880074,2.74646
11.04006,-0.06505509,-1.879524,6.505509
11.06006,-0.1026196,-1.878223,10.26196
11.08006,-0.140143,-1.876171,14.0143
11.10006,-0.1776103,-1.873368,17.76103
11.12006,-0.2150066,-1.869816,21.50067
11.14007,-0.252317,-1.865516,25.2317
11.16007,-0.2895263,-1.860469,28.95263
11.18007,-0.3266199,-1.854679,32.66199
11.20007,-0.3635828,-1.848147,36.35828
11.22007,-0.4004003,-1.840875,40.04004
11.24007,-0.4370577,-1.832867,43.70577
11.26007,-0.4735402,-1.824126,47.35402
11.28007,-0.5098333,-1.814655,50.98333
11.30007,-0.5459225,-1.804458,54.59225
11.32007,-0.5817932,-1.79354,58.17933
11.34007,-0.6174313,-1.781904,61.74313
11.36007,-0.6528224,-1.769555,65.28224
11.38007,-0.6879524,-1.756499,68.79524
11.40007,-0.7228072,-1.74274,72.28072
11.42007,-0.7573729,-1.728284,75.73729
11.44007,-0.7916356,-1.713136,79.16356
11.46007,-0.8255817,-1.697304,82.55817
11.48007,-0.8591975,-1.680792,85.91975
11.50007,-0.8924696,-1.663608,89.24696
11.52007,-0.9253848,-1.645759,92.53848
11.54007,-0.9579298,-1.627251,95.79298
11.56007,-0.9900917,-1.608092,99.00917
11.58008,-1.021858,-1.58829,102.1858
11.60008,-1.053215,-1.567853,105.3215
11.62008,-1.08415,-1.546789,108.415
11.64008,-1.114652,-1.525106,111.4652
11.66008,-1.144709,-1.502813,114.4709
11.68008,-1.174307,-1.479919,117.4307
11.70008,-1.203436,-1.456433,120.3436
11.72008,-1.232083,-1.432364,123.2083
11.74008,-1.260237,-1.407722,126.0237
11.76008,-1.287888,-1.382517,128.7888
11.78008,-1.315023,-1.35676,131.5023
11.80008,-1.341632,-1.330459,134.1632
11.82008,-1.367705,-1.303627,136.7705
11.84008,-1.39323,-1.276272,139.323
11.86008,-1.418198,-1.248408,141.8198
11.88008,-1.442599,-1.220044,144.2599
11.90008,-1.466423,-1.191192,146.6423
11.92008,-1.48966,-1.161863,148.966
11.94008,-1.512302,-1.13207,151.2302
11.96008,-1.534338,-1.101824,153.4338
11.98008,-1.555761,-1.071138,155.5761
12.00008,-1.576561,-1.040022,157.6561
12.02009,-1.596731,-1.008491,159.6731
12.04009,-1.616262,-0.9765565,161.6262
12.06009,-1.635147,-0.9442313,163.5147
12.08009,-1.653377,-0.9115283,165.3377
12.10009,-1.670947,-0.8784608,167.0947
12.12009,-1.687847,-0.8450419,168.7847
12.14009,-1.704073,-0.8112849,170.4073
12.16009,-1.719617,-0.7772034,171.9617
12.18009,-1.734473,-0.7428111,173.4473
12.20009,-1.748636,-0.7081216,174.8636
12.22009,-1.762099,-0.6731489,176.2099
12.24009,-1.774857,-0.6379069,177.4857
12.26009,-1.786905,-0.6024098,178.6905
12.28009,-1.798239,-0.5666717,179.8239
12.30009,-1.808853,-0.5307069,180.8853
12.32009,-1.818743,-0.4945298,181.8743
12.34009,-1.827906,-0.458155,182.7906
12.36009,-1.836338,-0.4215969,183.6338
12.38009,-1.844036,-0.3848701,184.4036
12.40009,-1.850996,-0.3479894,185.0995
12.42009,-1.857215,-0.3109695,185.7215
12.44009,-1.862691,-0.2738252,186.2691
12.4601,-1.867423,-0.2365713,186.7423
12.4801,-1.871407,-0.1992229,187.1407
12.5001,-1.874643,-0.1617948,187.4643
12.5201,-1.877129,-0.1243019,187.7129
12.5401,-1.878864,-0.08675931,187.8864
12.5601,-1.879848,-0.04918202,187.9848
12.5801,-1.88008,-0.01158506,188.008
12.6001,-1.879559,0.02601654,187.9559
12.6201,-1.878287,0.06360772,187.8287
12.6401,-1.876264,0.1011735,187.6264
12.6601,-1.87349,0.1386987,187.349
12.6801,-1.869966,0.1761685,186.9966
12.7001,-1.865695,0.2135678,186.5695
12.7201,-1.860677,0.2508817,186.0677
12.7401,-1.854915,0.2880953,185.4915
12.7601,-1.848412,0.3251936,184.8412
12.7801,-1.841168,0.3621618,184.1168
12.8001,-1.833189,0.3989852,183.3189
12.8201,-1.824476,0.4356489,182.4476
12.8401,-1.815033,0.4721385,181.5033
12.8601,-1.804864,0.5084391,180.4864
12.88011,-1.793973,0.5445364,179.3973
12.90011,-1.782365,0.5804159,178.2365
12.92011,-1.770044,0.6160632,177.0044
12.94011,-1.757014,0.651464,175.7014
12.96011,-1.743282,0.6866043,174.3282
12.98011,-1.728853,0.7214699,172.8853
13.00011,-1.713732,0.756047,171.3732
13.02011,-1.697925,0.7903216,169.7925
13.04011,-1.68144,0.8242801,168.144
13.06011,-1.664282,0.857909,166.4282
13.08011,-1.646458,0.8911946,164.6458
13.10011,-1.627975,0.9241238,162.7975
13.12011,-1.608842,0.9566833,160.8842
13.14011,-1.589064,0.9888601,158.9064
13.16011,-1.568652,1.020641,156.8652
13.18011,-1.547611,1.052014,154.7611
13.20011,-1.525952,1.082967,152.5952
13.22011,-1.503682,1.113486,150.3682
13.24011,-1.480811,1.143559,148.0811
13.26011,-1.457348,1.173176,145.7348
13.28011,-1.433301,1.202322,143.3301
13.30011,-1.408681,1.230989,140.8681
13.32012,-1.383498,1.259162,138.3498
13.34012,-1.357762,1.286832,135.7762
13.36012,-1.331482,1.313987,133.1482
13.38012,-1.304669,1.340617,130.4669
13.40012,-1.277335,1.36671,127.7335
13.42012,-1.24949,1.392257,124.949
13.44012,-1.221145,1.417247,122.1145
13.46012,-1.192312,1.44167,119.2312
13.48012,-1.163001,1.465516,116.3001
13.50012,-1.133226,1.488776,113.3226
13.52012,-1.102997,1.511441,110.2997
13.54012,-1.072327,1.533501,107.2327
13.56012,-1.041228,1.554947,104.1228
13.58012,-1.009712,1.575772,100.9712
13.60012,-0.9777932,1.595966,97.77931
13.62012,-0.9454827,1.615522,94.54827
13.64012,-0.9127941,1.634431,91.27941
13.66012,-0.8797404,1.652687,87.97404
13.68012,-0.8463347,1.670282,84.63347
13.70012,-0.8125905,1.687209,81.25906
13.72012,-0.7785213,1.703461,77.85213
13.74012,-0.7441407,1.719031,74.41407
13.76013,-0.7094624,1.733914,70.94624
13.78013,-0.6745003,1.748103,67.45004
13.80013,-0.6392685,1.761593,63.92685
13.82013,-0.6037809,1.774378,60.37809
13.84013,-0.5680519,1.786454,56.80519
13.86013,-0.5320956,1.797815,53.20956
13.88013,-0.4959264,1.808457,49.59264
13.90013,-0.4595589,1.818375,45.95589
13.92013,-0.4230076,1.827567,42.30076
13.94013,-0.386287,1.836027,38.6287
13.96013,-0.349412,1.843753,34.9412
13.98013,-0.3123972,1.850741,31.23972
14.00013,-0.2752574,1.856989,27.52574
14.02013,-0.2380075,1.862494,23.80075
14.04013,-0.2006624,1.867254,20.06624
14.06013,-0.1632371,1.871267,16.32371
14.08013,-0.1257465,1.874532,12.57465
14.10013,-0.08820552,1.877047,8.820552
14.12013,-0.05062929,1.878811,5.062929
14.14013,-0.01303282,1.879824,1.303282
14.16013,0.02456887,1.880085,-2.456887
14.18013,0.06216074,1.879593,-6.216074
14.20014,0.09972773,1.87835,-9.972774
14.22014,0.1372548,1.876355,-13.72548
14.24014,0.174727,1.87361,-17.4727
14.26014,0.2121294,1.870116,-21.21294
14.28014,0.2494468,1.865873,-24.94468
14.30014,0.2866645,1.860884,-28.66645
14.32014,0.3237675,1.855151,-32.37675
14.34014,0.360741,1.848676,-36.0741
14.36014,0.3975702,1.841461,-39.75702
14.38014,0.4342404,1.833509,-43.42404
14.40014,0.4707369,1.824825,-47.07369
14.42014,0.5070451,1.81541,-50.70451
14.44014,0.5431505,1.805269,-54.31505
14.46014,0.5790386,1.794406,-57.90386
14.48014,0.6146951,1.782825,-61.46951
14.50014,0.6501058,1.770531,-65.01057
14.52014,0.6852564,1.757529,-68.52563
14.54014,0.7201328,1.743824,-72.01328
14.56014,0.7547212,1.729421,-75.47212
14.58014,0.7890078,1.714327,-78.90078
14.60014,0.8229787,1.698547,-82.29787
14.62014,0.8566205,1.682087,-85.66205
14.64015,0.8899196,1.664955,-88.99196
14.66015,0.9228627,1.647156,-92.28627
14.68015,0.9554367,1.628699,-95.54367
14.70015,0.9876285,1.60959,-98.76286
14.72015,1.019425,1.589838,-101.9425
14.74015,1.050814,1.569449,-105.0814
14.76015,1.081783,1.548433,-108.1783
14.78015,1.112319,1.526797,-111.2319
14.80015,1.14241,1.504551,-114.241
14.82015,1.172044,1.481703,-117.2044
14.84015,1.201209,1.458262,-120.1209
14.86015,1.229894,1.434238,-122.9894
14.88015,1.258087,1.40964,-125.8087
14.90015,1.285776,1.384478,-128.5776
14.92015,1.312952,1.358763,-131.2952
14.94015,1.339602,1.332503,-133.9602
14.96015,1.365716,1.305711,-136.5716
14.98015,1.391284,1.278397,-139.1284
15.00015,1.416295,1.250571,-141.6295
15.02015,1.44074,1.222245,-144.074
15.04015,1.464609,1.193431,-146.4609
15.06015,1.487891,1.164138,-148.7891
15.08016,1.510579,1.134381,-151.0579
15.10016,1.532662,1.104169,-153.2662
15.12016,1.554133,1.073516,-155.4133
15.14016,1.574981,1.042433,-157.4981
15.16016,1.5952,1.010934,-159.52
15.18016,1.614781,0.9790295,-161.4781
15.20016,1.633715,0.946734,-163.3715
15.22016,1.651997,0.9140596,-165.1997
15.24016,1.669617,0.8810197,-166.9617
15.26016,1.68657,0.8476274,-168.657
15.28016,1.702847,0.813896,-170.2847
15.30016,1.718444,0.779839,-171.8444
15.32016,1.733354,0.7454702,-173.3354
15.34016,1.74757,0.7108031,-174.757
15.36016,1.761087,0.6758517,-176.1087
15.38016,1.773899,0.6406299,-177.3899
15.40016,1.786002,0.605152,-178.6002
15.42016,1.797391,0.5694319,-179.7391
15.44016,1.808061,0.5334841,-180.8061
15.46016,1.818007,0.4973229,-181.8007
15.48016,1.827227,0.4609627,-182.7227
15.50016,1.835715,0.4244182,-183.5715
15.52017,1.843469,0.3877039,-184.3469
15.54017,1.850486,0.3508345,-185.0486
15.56017,1.856762,0.3138248,-185.6762
15.58017,1.862296,0.2766896,-186.2296
15.60017,1.867085,0.2394437,-186.7085
15.62017,1.871127,0.202102,-187.1127
15.64017,1.874421,0.1646794,-187.442
15.66017,1.876964,0.127191,-187.6964
15.68017,1.878757,0.08965175,-187.8757
15.70017,1.879799,0.0520766,-187.9799
15.72017,1.880088,0.01448063,-188.0089
15.74017,1.879626,-0.02312114,-187.9626
15.76017,1.878412,-0.06071366,-187.8412
15.78017,1.876446,-0.09828189,-187.6446
15.80017,1.87373,-0.1358108,-187.373
15.82017,1.870264,-0.1732854,-187.0264
15.84017,1.86605,-0.2106907,-186.605
15.86017,1.86109,-0.2480117,-186.109
15.88017,1.855386,-0.2852335,-185.5386
15.90017,1.848939,-0.3223412,-184.8939
15.92017,1.841752,-0.35932,-184.1752
15.94018,1.833829,-0.396155,-183.3829
15.96018,1.825173,-0.4328316,-182.5173
15.98018,1.815786,-0.4693351,-181.5786
16.00018,1.805673,-0.5056508,-180.5673
16.02018,1.794838,-0.5417643,-179.4838
16.04018,1.783285,-0.577661,-178.3285
16.06018,1.771018,-0.6133267,-177.1018
16.08018,1.758043,-0.6487471,-175.8043
16.10018,1.744365,-0.6839079,-174.4365
16.12018,1.729989,-0.7187952,-172.9989
16.14018,1.714921,-0.753395,-171.4921
16.16018,1.699167,-0.7876934,-169.9167
16.18018,1.682734,-0.8216768,-168.2734
16.20018,1.665627,-0.8553315,-166.5627
16.22018,1.647854,-0.888644,-164.7854
16.24018,1.629422,-0.9216011,-162.9422
16.26018,1.610338,-0.9541895,-161.0338
16.28018,1.59061,-0.9863963,-159.061
16.30018,1.570246,-1.018209,-157.0246
16.32018,1.549254,-1.049613,-154.9254
16.34018,1.527642,-1.080599,-152.7642
16.36018,1.505419,-1.111151,-150.5419
16.38018,1.482594,-1.14126,-148.2594
16.40018,1.459176,-1.170912,-145.9176
16.42019,1.435174,-1.200095,-143.5174
16.44019,1.410598,-1.228799,-141.0598
16.46019,1.385458,-1.257011,-138.5457
16.48019,1.359763,-1.28472,-135.9763
16.50019,1.333525,-1.311915,-133.3525
16.52019,1.306753,-1.338585,-130.6753
16.54019,1.279459,-1.36472,-127.9459
16.56019,1.251653,-1.39031,-125.1653
16.58019,1.223346,-1.415343,-122.3346
16.60019,1.19455,-1.43981,-119.455
16.62019,1.165276,-1.463701,-116.5276
16.64019,1.135535,-1.487006,-113.5536
16.66019,1.105341,-1.509717,-110.5341
16.68019,1.074705,-1.531824,-107.4705
16.70019,1.043638,-1.553318,-104.3638
16.72019,1.012155,-1.57419,-101.2155
16.74019,0.980266,-1.594433,-98.0266
16.76019,0.9479853,-1.614039,-94.79853
16.78019,0.9153253,-1.632998,-91.53253
16.80019,0.8822992,-1.651305,-88.22993
16.82019,0.8489202,-1.668951,-84.89202
16.84019,0.8152016,-1.685929,-81.52016
16.8602,0.781157,-1.702233,-78.11569
16.8802,0.7467998,-1.717856,-74.67999
16.9002,0.712144,-1.732792,-71.21439
16.9202,0.6772032,-1.747035,-67.72032
16.9402,0.6419917,-1.760579,-64.19917
16.9602,0.6065233,-1.773419,-60.65233
16.9802,0.5708123,-1.78555,-57.08123
17.0002,0.5348729,-1.796966,-53.48729
17.0202,0.4987197,-1.807663,-49.87197
17.0402,0.4623669,-1.817638,-46.23669
17.0602,0.4258292,-1.826885,-42.58292
17.0802,0.3891212,-1.835402,-38.91212
17.1002,0.3522575,-1.843184,-35.22575
17.1202,0.3152529,-1.850229,-31.52529
17.1402,0.2781222,-1.856534,-27.81223
17.1602,0.2408803,-1.862097,-24.08803
17.1802,0.203542,-1.866914,-20.3542
17.2002,0.1661223,-1.870985,-16.61223
17.2202,0.1286362,-1.874308,-12.86362
17.2402,0.09109856,-1.87688,-9.109857
17.2602,0.05352452,-1.878702,-5.352452
17.2802,0.01592906,-1.879773,-1.592906
17.30021,-0.02167277,-1.880091,2.167277
17.32021,-0.05926593,-1.879658,5.926593
17.34021,-0.09683538,-1.878473,9.683538
17.36021,-0.1343661,-1.876536,13.43661
17.38021,-0.1718431,-1.873849,17.18431
17.40021,-0.2092513,-1.870412,20.92513
17.42021,-0.2465758,-1.866227,24.65758
17.44021,-0.2838017,-1.861295,28.38017
17.46021,-0.3209141,-1.855619,32.09141
17.48021,-0.3578981,-1.849201,35.78981
17.50021,-0.394739,-1.842043,39.4739
17.52021,-0.431422,-1.834148,43.1422
17.54021,-0.4679324,-1.82552,46.79324
17.56021,-0.5042556,-1.816161,50.42556
17.58021,-0.5403771,-1.806076,54.03771
17.60021,-0.5762825,-1.795269,57.62825
17.62021,-0.6119574,-1.783743,61.19574
17.64021,-0.6473874,-1.771504,64.73875
17.66021,-0.6825585,-1.758556,68.25585
17.68021,-0.7174566,-1.744905,71.74567
17.70021,-0.7520677,-1.730556,75.20677
17.72021,-0.786378,-1.715514,78.6378
17.74022,-0.8203738,-1.699787,82.03738
17.76022,-0.8540413,-1.683379,85.40414
17.78022,-0.8873673,-1.666299,88.73673
17.80022,-0.9203383,-1.648551,92.03384
17.82022,-0.9529412,-1.630144,95.29412
17.84022,-0.985163,-1.611086,98.5163
17.86022,-1.016991,-1.591382,101.6991
17.88022,-1.048411,-1.571043,104.8411
17.90022,-1.079413,-1.550074,107.9413
17.92022,-1.109983,-1.528486,110.9983
17.94022,-1.140108,-1.506287,114.0108
17.96022,-1.169778,-1.483484,116.9778
17.98022,-1.19898,-1.460089,119.898
18.00022,-1.227702,-1.436109,122.7702
18.02022,-1.255933,-1.411555,125.5933
18.04022,-1.283662,-1.386437,128.3662
18.06022,-1.310877,-1.360763,131.0877
18.08022,-1.337568,-1.334546,133.7568
18.10022,-1.363724,-1.307794,136.3724
18.12022,-1.389334,-1.28052,138.9334
18.14022,-1.414389,-1.252733,141.4389
18.16022,-1.438878,-1.224445,143.8878
18.18023,-1.462791,-1.195668,146.2791
18.20023,-1.486119,-1.166412,148.6119
18.22023,-1.508853,-1.13669,150.8853
18.24023,-1.530983,-1.106512,153.0983
18.26023,-1.552501,-1.075893,155.2501
18.28023,-1.573398,-1.044843,157.3398
18.30023,-1.593666,-1.013375,159.3666
18.32023,-1.613296,-0.9815015,161.3296
18.34023,-1.63228,-0.9492356,163.228
18.36023,-1.650612,-0.91659,165.0612
18.38023,-1.668284,-0.8835778,166.8284
18.40023,-1.685288,-0.8502122,168.5288
18.42023,-1.701618,-0.8165064,170.1618
18.44023,-1.717268,-0.782474,171.7268
18.46023,-1.73223,-0.7481287,173.223
18.48023,-1.7465,-0.7134841,174.65
18.50023,-1.760071,-0.6785541,176.0071
18.52023,-1.772938,-0.6433527,177.2938
18.54023,-1.785096,-0.6078939,178.5096
18.56023,-1.79654,-0.572192,179.654
18.58023,-1.807265,-0.5362612,180.7265
18.60023,-1.817267,-0.5001159,181.7267
18.62024,-1.826543,-0.4637706,182.6543
18.64024,-1.835088,-0.4272397,183.5088
18.66024,-1.842898,-0.390538,184.2898
18.68024,-1.849972,-0.35368,184.9972
18.70024,-1.856306,-0.3166806,185.6306
18.72024,-1.861897,-0.2795545,186.1897
18.74024,-1.866743,-0.2423166,186.6743
18.76024,-1.870843,-0.2049817,187.0843
18.78024,-1.874194,-0.1675649,187.4194
18.80024,-1.876796,-0.130081,187.6796
18.82024,-1.878646,-0.09254508,187.8646
18.84024,-1.879746,-0.05497216,187.9746
18.86024,-1.880093,-0.01737726,188.0093
18.88024,-1.879689,0.0202246,187.9689
18.90024,-1.878533,0.05781837,187.8533
18.92024,-1.876625,0.09538902,187.6625
18.94024,-1.873966,0.1329215,187.3966
18.96024,-1.870558,0.1704008,187.0558
18.98024,-1.866402,0.207812,186.6402
19.00024,-1.861499,0.24514,186.1499
19.02024,-1.855852,0.28237,185.5852
19.04025,-1.849462,0.3194871,184.9462
19.06025,-1.842332,0.3564763,184.2332
19.08025,-1.834466,0.3933229,183.4466
19.10025,-1.825866,0.4300123,182.5866
19.12025,-1.816535,0.4665296,181.6535
19.14025,-1.806478,0.5028603,180.6478
19.16025,-1.795698,0.5389898,179.5698
19.18025,-1.7842,0.5749038,178.42
19.20025,-1.771988,0.6105878,177.1988
19.22025,-1.759068,0.6460276,175.9068
19.24025,-1.745443,0.6812089,174.5443
19.26025,-1.731121,0.7161178,173.1121
19.28025,-1.716106,0.7507402,171.6106
19.30025,-1.700405,0.7850624,170.0405
19.32025,-1.684024,0.8190705,168.4024
19.34025,-1.666969,0.8527509,166.6969
19.36025,-1.649247,0.8860903,164.9247
19.38025,-1.630865,0.9190752,163.0865
19.40025,-1.611831,0.9516925,161.1831
19.42025,-1.592153,0.9839292,159.2153
19.44025,-1.571837,1.015772,157.1837
19.46025,-1.550893,1.047209,155.0893
19.48026,-1.529329,1.078227,152.9329
19.50026,-1.507152,1.108814,150.7152
19.52026,-1.484373,1.138957,148.4373
19.54026,-1.461,1.168644,146.1
19.56026,-1.437043,1.197864,143.7043
19.58026,-1.412511,1.226605,141.2511
19.60026,-1.387414,1.254855,138.7414
19.62026,-1.361762,1.282603,136.1762
19.64026,-1.335565,1.309839,133.5565
19.66026,-1.308834,1.33655,130.8834
19.68026,-1.28158,1.362727,128.158
19.70026,-1.253812,1.388358,125.3812
19.72026,-1.225544,1.413435,122.5544
19.74026,-1.196785,1.437945,119.6785
19.76026,-1.167547,1.461881,116.7547
19.78026,-1.137843,1.485232,113.7843
19.80026,-1.107683,1.507989,110.7683
19.82026,-1.07708,1.530142,107.708
19.84026,-1.046046,1.551684,104.6046
19.86026,-1.014594,1.572605,101.4594
19.88026,-0.9827363,1.592897,98.27363
19.90026,-0.9504852,1.612552,95.04852
19.92027,-0.917854,1.631561,91.7854
19.94027,-0.8848556,1.649918,88.48557
19.96027,-0.8515033,1.667615,85.15033
19.98027,-0.8178104,1.684646,81.78104
20.00027,-0.7837904,1.701002,78.37904
